"Name","model.alpha_scalar","model.aggregation","model.name","State","Notes","User","Tags","Created","Runtime","Sweep","cfg","checkpoint_metric","dataset.dir_clf","dataset.dir_clfs_base","dataset.dir_data","dataset.dir_data_base","dataset.label_names","dataset.modalities_order","dataset.n_clfs_outputs","dataset.name","dataset.num_labels","dataset.num_views","dataset.num_workers","eval.coherence","eval.eval_downstream_task","eval.max_iteration","eval.num_samples_train","eval.path_inception_weights","log.coherence_logging_frequency","log.debug","log.dir_logs","log.downstream_logging_frequency","log.fid_logging_frequency","log.img_plotting_frequency","log.likelihood_logging_frequency","log.val_freq","log.wandb_entity","log.wandb_group","log.wandb_local_instance","log.wandb_log_freq","log.wandb_offline","log.wandb_project_name","log.wandb_run_name","model.alpha_annealing","model.alpha_annealing_steps","model.batch_size","model.batch_size_eval","model.beta","model.beta_M","model.beta_R","model.beta_annealing","model.beta_annealing_steps","model.cov_scalar","model.device","model.early_stop","model.epochs","model.final_alpha_value","model.final_beta_value","model.hidden_dim","model.init_alpha_value","model.init_beta_value","model.latent_dim","model.lr","model.schedule","model.seed","model.temp_annealing","model.use_resnets","seed","alpha annealing","beta annealing","epoch","final_scores/coherence/exp_to_exp","final_scores/coherence/exp_to_exp_cov","final_scores/coherence/exp_to_feat","final_scores/coherence/exp_to_feat_cov","final_scores/coherence/feat_to_exp","final_scores/coherence/feat_to_exp_cov","final_scores/coherence/feat_to_feat","final_scores/coherence/feat_to_feat_cov","final_scores/cond_rec_loss","final_scores/cond_rec_loss_cov","final_scores/downstream_lr/aggregated/exp","final_scores/downstream_lr/aggregated/feat","final_scores/downstream_lr/unimodal/exp","final_scores/downstream_lr/unimodal/feat","final_scores/rec_loss","train/loss/klds_avg","train/loss/loss","train/loss/loss_rec","train/loss/mv_vae","train/loss/rec_loss_exp","train/loss/rec_loss_feat","train/loss/weighted_rec_loss_exp","train/loss/weighted_rec_loss_feat","trainer/global_step","val/coherence/exp_to_exp","val/coherence/exp_to_exp_cov","val/coherence/exp_to_feat","val/coherence/exp_to_feat_cov","val/coherence/feat_to_exp","val/coherence/feat_to_exp_cov (Max)","val/coherence/feat_to_feat (Max)","val/coherence/feat_to_feat_cov (Max)","val/condition_generation/avg_rec_loss","val/condition_generation_cov/avg_rec_loss (Min)","val/downstream/aggregated/exp (Max)","val/downstream/aggregated/feat","val/downstream/unimodal/exp","val/downstream/unimodal/feat","val/loss/avg_rec_loss_epoch","val/loss/klds_avg","val/loss/loss","val/loss/loss_rec","val/loss/mv_vae","val/loss/rec_loss_exp","val/loss/rec_loss_feat","val/loss/weighted_rec_loss_exp","val/loss/weighted_rec_loss_feat","best_scores/coherence/exp_to_exp","best_scores/coherence/exp_to_exp_cov","best_scores/coherence/exp_to_feat","best_scores/coherence/exp_to_feat_cov","best_scores/coherence/feat_to_exp","best_scores/coherence/feat_to_exp_cov","best_scores/coherence/feat_to_feat","best_scores/coherence/feat_to_feat_cov","best_scores/cond_rec_loss","best_scores/cond_rec_loss_cov","best_scores/downstream_lr/aggregated/exp","best_scores/downstream_lr/aggregated/feat","best_scores/downstream_lr/unimodal/exp","best_scores/downstream_lr/unimodal/feat","best_scores/rec_loss","best_scores/val_loss"
"glowing-breeze-556","0","avg","jointprior","finished","-","","","2026-04-13T16:43:40.000Z","240","","{'seed': 0, 'checkpoint_metric': 'val/loss/loss', 'log': {'wandb_entity': 'eso18-imperial-college-london', 'wandb_group': 'full_runs', 'wandb_run_name': '', 'wandb_project_name': 'mvvae_scMNC', 'wandb_log_freq': 50, 'wandb_offline': False, 'wandb_local_instance': True, 'dir_logs': '/rds/general/user/eso18/home/mmvmvae/run_scMNC/logs', 'downstream_logging_frequency': 1, 'coherence_logging_frequency': 1, 'img_plotting_frequency': 1, 'fid_logging_frequency': 50, 'val_freq': 1, 'debug': False, 'likelihood_logging_frequency': 1}, 'dataset': {'name': 'scMNC', 'num_workers': 8, 'num_views': 2, 'dir_data': '/rds/general/user/eso18/home/mmvmvae/data/scMNC', 'num_labels': 6, 'dir_clf': '/rds/general/user/eso18/home/mmvmvae/trained_classifiers/scMNC', 'n_clfs_outputs': 6, 'label_names': ['A', 'B', 'C', 'D', 'E', 'F']}, 'model': {'device': 'cuda', 'batch_size': 32, 'batch_size_eval': 64, 'lr': 0.001, 'epochs': 150, 'temp_annealing': 'cosine', 'seed': 5, 'latent_dim': 32, 'hidden_dim': 512, 'early_stop': True, 'beta_annealing': False, 'init_beta_value': 0.0, 'final_beta_value': 1.0, 'schedule': 'cyclical', 'beta_annealing_steps': 250000, 'beta_M': 20, 'beta_R': 0.5, 'use_resnets': True, 'name': 'jointprior', 'alpha_annealing': True, 'init_alpha_value': 1.0, 'final_alpha_value': 0.0, 'alpha_annealing_steps': 150000, 'cov_scalar': 1.0, 'alpha_scalar': 0.0, 'beta': '', 'aggregation': 'avg'}, 'eval': {'num_samples_train': 10000, 'max_iteration': 10000, 'eval_downstream_task': True, 'coherence': True, 'path_inception_weights': '/rds/general/user/eso18/home/mmvmvae/utils/pt_inception-2015-12-05-6726825d.pth'}}","val/loss/loss","/rds/general/user/eso18/home/mmvmvae/trained_classifiers/scMNC","","/rds/general/user/eso18/home/mmvmvae/data/scMNC","","[""A"",""B"",""C"",""D"",""E"",""F""]","","6","scMNC","6","2","8","true","true","10000","10000","/rds/general/user/eso18/home/mmvmvae/utils/pt_inception-2015-12-05-6726825d.pth","1","false","/rds/general/user/eso18/home/mmvmvae/run_scMNC/logs","1","50","1","1","1","eso18-imperial-college-london","full_runs","true","50","false","mvvae_scMNC","","true","150000","32","64","","20","0.5","false","250000","1","cuda","true","150","0","1","512","1","0","32","0.001","cyclical","5","cosine","true","0","","1","33","0.8877840638160706","0.8877840638160706","0.21732954680919647","0.7798295617103577","0.26846590638160706","0.8565340638160706","0.6590909361839294","0.6590909361839294","2296.181640625","2296.2490234375","0.9517045617103576","0.9019886255264282","0.9517045617103576","0.9019886255264282","2295.6240234375","155.6400146484375","2347.68603515625","2192.046142578125","","-1246.568115234375","-28.320772171020508","-1246.568115234375","-945.4781494140624","3093","0.8877840638160706","0.8877840638160706","0.21732954680919647","0.7798295617103577","0.26846590638160706","0.875","0.6903409361839294","0.6875","2296.181640625","2291.458740234375","0.9701704382896424","0.9019886255264282","0.9517045617103576","0.9019886255264282","2295.6240234375","149.2669219970703","2444.890869140625","2295.6240234375","","-1370.2899169921875","-27.717382431030273","-1370.2899169921875","-925.3340454101562","0.8934659361839294","0.8934659361839294","0.23295454680919647","0.7670454382896423","0.25852271914482117","0.875","0.6732954382896423","0.6732954382896423","2291.739990234375","2291.458740234375","0.9616477489471436","0.9105113744735718","0.9616477489471436","0.9105113744735718","2290.1796875","2440.809814453125"
"glorious-water-555","0","avg","jointprior","finished","-","","","2026-04-13T16:43:40.000Z","279","","{'seed': 0, 'checkpoint_metric': 'val/loss/loss', 'log': {'wandb_entity': 'eso18-imperial-college-london', 'wandb_group': 'full_runs', 'wandb_run_name': '', 'wandb_project_name': 'mvvae_scMNC', 'wandb_log_freq': 50, 'wandb_offline': False, 'wandb_local_instance': True, 'dir_logs': '/rds/general/user/eso18/home/mmvmvae/run_scMNC/logs', 'downstream_logging_frequency': 1, 'coherence_logging_frequency': 1, 'img_plotting_frequency': 1, 'fid_logging_frequency': 50, 'val_freq': 1, 'debug': False, 'likelihood_logging_frequency': 1}, 'dataset': {'name': 'scMNC', 'num_workers': 8, 'num_views': 2, 'dir_data': '/rds/general/user/eso18/home/mmvmvae/data/scMNC', 'num_labels': 6, 'dir_clf': '/rds/general/user/eso18/home/mmvmvae/trained_classifiers/scMNC', 'n_clfs_outputs': 6, 'label_names': ['A', 'B', 'C', 'D', 'E', 'F']}, 'model': {'device': 'cuda', 'batch_size': 32, 'batch_size_eval': 64, 'lr': 0.001, 'epochs': 150, 'temp_annealing': 'cosine', 'seed': 4, 'latent_dim': 32, 'hidden_dim': 512, 'early_stop': True, 'beta_annealing': False, 'init_beta_value': 0.0, 'final_beta_value': 1.0, 'schedule': 'cyclical', 'beta_annealing_steps': 250000, 'beta_M': 20, 'beta_R': 0.5, 'use_resnets': True, 'name': 'jointprior', 'alpha_annealing': True, 'init_alpha_value': 1.0, 'final_alpha_value': 0.0, 'alpha_annealing_steps': 150000, 'cov_scalar': 1.0, 'alpha_scalar': 0.0, 'beta': '', 'aggregation': 'avg'}, 'eval': {'num_samples_train': 10000, 'max_iteration': 10000, 'eval_downstream_task': True, 'coherence': True, 'path_inception_weights': '/rds/general/user/eso18/home/mmvmvae/utils/pt_inception-2015-12-05-6726825d.pth'}}","val/loss/loss","/rds/general/user/eso18/home/mmvmvae/trained_classifiers/scMNC","","/rds/general/user/eso18/home/mmvmvae/data/scMNC","","[""A"",""B"",""C"",""D"",""E"",""F""]","","6","scMNC","6","2","8","true","true","10000","10000","/rds/general/user/eso18/home/mmvmvae/utils/pt_inception-2015-12-05-6726825d.pth","1","false","/rds/general/user/eso18/home/mmvmvae/run_scMNC/logs","1","50","1","1","1","eso18-imperial-college-london","full_runs","true","50","false","mvvae_scMNC","","true","150000","32","64","","20","0.5","false","250000","1","cuda","true","150","0","1","512","1","0","32","0.001","cyclical","4","cosine","true","0","","1","38","0.8849431872367859","0.8849431872367859","0.23579545319080353","0.7869318127632141","0.2869318127632141","0.8650568127632141","0.6619318127632141","0.6633522510528564","2276.911376953125","2277.35888671875","0.9573863744735718","0.8934659361839294","0.9573863744735718","0.8934659361839294","2275.82080078125","155.2144775390625","2387.696044921875","2232.481689453125","","-1355.890380859375","-26.257339477539062","-1355.890380859375","-876.59130859375","3548","0.8849431872367859","0.8849431872367859","0.23579545319080353","0.7869318127632141","0.2869318127632141","0.8650568127632141","0.7130681872367859","0.7116477489471436","2276.911376953125","2266.982421875","0.9659090638160706","0.8934659361839294","0.9573863744735718","0.8934659361839294","2275.82080078125","152.8144073486328","2428.63525390625","2275.820556640625","","-1369.66162109375","-27.14301300048828","-1369.66162109375","-906.1591186523438","0.8892045617103577","0.8892045617103577","0.2599431872367859","0.7954545617103577","0.265625","0.8494318127632141","0.6761363744735718","0.6775568127632141","2269.30419921875","2269.171142578125","0.963068187236786","0.9048295617103576","0.963068187236786","0.9048295617103576","2269.275390625","2422.939453125"
"fluent-sponge-553","0","avg","jointprior","finished","-","","","2026-04-13T16:35:53.000Z","226","","{'seed': 0, 'checkpoint_metric': 'val/loss/loss', 'log': {'wandb_entity': 'eso18-imperial-college-london', 'wandb_group': 'full_runs', 'wandb_run_name': '', 'wandb_project_name': 'mvvae_scMNC', 'wandb_log_freq': 50, 'wandb_offline': False, 'wandb_local_instance': True, 'dir_logs': '/rds/general/user/eso18/home/mmvmvae/run_scMNC/logs', 'downstream_logging_frequency': 1, 'coherence_logging_frequency': 1, 'img_plotting_frequency': 1, 'fid_logging_frequency': 50, 'val_freq': 1, 'debug': False, 'likelihood_logging_frequency': 1}, 'dataset': {'name': 'scMNC', 'num_workers': 8, 'num_views': 2, 'dir_data': '/rds/general/user/eso18/home/mmvmvae/data/scMNC', 'num_labels': 6, 'dir_clf': '/rds/general/user/eso18/home/mmvmvae/trained_classifiers/scMNC', 'n_clfs_outputs': 6, 'label_names': ['A', 'B', 'C', 'D', 'E', 'F']}, 'model': {'device': 'cuda', 'batch_size': 32, 'batch_size_eval': 64, 'lr': 0.001, 'epochs': 150, 'temp_annealing': 'cosine', 'seed': 3, 'latent_dim': 32, 'hidden_dim': 512, 'early_stop': True, 'beta_annealing': False, 'init_beta_value': 0.0, 'final_beta_value': 1.0, 'schedule': 'cyclical', 'beta_annealing_steps': 250000, 'beta_M': 20, 'beta_R': 0.5, 'use_resnets': True, 'name': 'jointprior', 'alpha_annealing': True, 'init_alpha_value': 1.0, 'final_alpha_value': 0.0, 'alpha_annealing_steps': 150000, 'cov_scalar': 1.0, 'alpha_scalar': 0.0, 'beta': '', 'aggregation': 'avg'}, 'eval': {'num_samples_train': 10000, 'max_iteration': 10000, 'eval_downstream_task': True, 'coherence': True, 'path_inception_weights': '/rds/general/user/eso18/home/mmvmvae/utils/pt_inception-2015-12-05-6726825d.pth'}}","val/loss/loss","/rds/general/user/eso18/home/mmvmvae/trained_classifiers/scMNC","","/rds/general/user/eso18/home/mmvmvae/data/scMNC","","[""A"",""B"",""C"",""D"",""E"",""F""]","","6","scMNC","6","2","8","true","true","10000","10000","/rds/general/user/eso18/home/mmvmvae/utils/pt_inception-2015-12-05-6726825d.pth","1","false","/rds/general/user/eso18/home/mmvmvae/run_scMNC/logs","1","50","1","1","1","eso18-imperial-college-london","full_runs","true","50","false","mvvae_scMNC","","true","150000","32","64","","20","0.5","false","250000","1","cuda","true","150","0","1","512","1","0","32","0.001","cyclical","3","cosine","true","0","","1","30","0.9133522510528564","0.9133522510528564","0.2755681872367859","0.8139204382896423","0.3068181872367859","0.859375","0.6832386255264282","0.6832386255264282","2313.25927734375","2312.95458984375","0.9715909361839294","0.9034090638160706","0.9715909361839294","0.9034090638160706","2315.811767578125","152.06724548339844","2343.960693359375","2191.8935546875","","-1257.8857421875","-27.977190017700195","-1257.8857421875","-934.0077514648438","2820","0.9133522510528564","0.9133522510528564","0.2755681872367859","0.8139204382896423","0.3068181872367859","0.8806818127632141","0.6860795617103577","0.6860795617103577","2313.25927734375","2312.6474609375","0.978693187236786","0.9034090638160706","0.9715909361839294","0.9034090638160706","2315.811767578125","150.74578857421875","2466.5576171875","2315.811767578125","","-1376.8511962890625","-28.12554359436035","-1376.8511962890625","-938.9605102539062","0.8977272510528564","0.8977272510528564","0.27414771914482117","0.8181818127632141","0.3423295319080353","0.8664772510528564","0.6860795617103577","0.6860795617103577","2312.660888671875","2312.6474609375","0.9644886255264282","0.9048295617103576","0.9644886255264282","0.9048295617103576","2312.82763671875","2464.398681640625"
"zany-river-553","0","avg","jointprior","finished","-","","","2026-04-13T16:35:53.000Z","174","","{'seed': 0, 'checkpoint_metric': 'val/loss/loss', 'log': {'wandb_entity': 'eso18-imperial-college-london', 'wandb_group': 'full_runs', 'wandb_run_name': '', 'wandb_project_name': 'mvvae_scMNC', 'wandb_log_freq': 50, 'wandb_offline': False, 'wandb_local_instance': True, 'dir_logs': '/rds/general/user/eso18/home/mmvmvae/run_scMNC/logs', 'downstream_logging_frequency': 1, 'coherence_logging_frequency': 1, 'img_plotting_frequency': 1, 'fid_logging_frequency': 50, 'val_freq': 1, 'debug': False, 'likelihood_logging_frequency': 1}, 'dataset': {'name': 'scMNC', 'num_workers': 8, 'num_views': 2, 'dir_data': '/rds/general/user/eso18/home/mmvmvae/data/scMNC', 'num_labels': 6, 'dir_clf': '/rds/general/user/eso18/home/mmvmvae/trained_classifiers/scMNC', 'n_clfs_outputs': 6, 'label_names': ['A', 'B', 'C', 'D', 'E', 'F']}, 'model': {'device': 'cuda', 'batch_size': 32, 'batch_size_eval': 64, 'lr': 0.001, 'epochs': 150, 'temp_annealing': 'cosine', 'seed': 2, 'latent_dim': 32, 'hidden_dim': 512, 'early_stop': True, 'beta_annealing': False, 'init_beta_value': 0.0, 'final_beta_value': 1.0, 'schedule': 'cyclical', 'beta_annealing_steps': 250000, 'beta_M': 20, 'beta_R': 0.5, 'use_resnets': True, 'name': 'jointprior', 'alpha_annealing': True, 'init_alpha_value': 1.0, 'final_alpha_value': 0.0, 'alpha_annealing_steps': 150000, 'cov_scalar': 1.0, 'alpha_scalar': 0.0, 'beta': '', 'aggregation': 'avg'}, 'eval': {'num_samples_train': 10000, 'max_iteration': 10000, 'eval_downstream_task': True, 'coherence': True, 'path_inception_weights': '/rds/general/user/eso18/home/mmvmvae/utils/pt_inception-2015-12-05-6726825d.pth'}}","val/loss/loss","/rds/general/user/eso18/home/mmvmvae/trained_classifiers/scMNC","","/rds/general/user/eso18/home/mmvmvae/data/scMNC","","[""A"",""B"",""C"",""D"",""E"",""F""]","","6","scMNC","6","2","8","true","true","10000","10000","/rds/general/user/eso18/home/mmvmvae/utils/pt_inception-2015-12-05-6726825d.pth","1","false","/rds/general/user/eso18/home/mmvmvae/run_scMNC/logs","1","50","1","1","1","eso18-imperial-college-london","full_runs","true","50","false","mvvae_scMNC","","true","150000","32","64","","20","0.5","false","250000","1","cuda","true","150","0","1","512","1","0","32","0.001","cyclical","2","cosine","true","0","","1","21","0.8821022510528564","0.8821022510528564","0.22159090638160703","0.8181818127632141","0.203125","0.8636363744735718","0.6946022510528564","0.6946022510528564","2315.7763671875","2315.186767578125","0.9673295617103576","0.9247159361839294","0.9673295617103576","0.9247159361839294","2316.13330078125","155.97854614257812","2386.673828125","2230.6953125","","-1315.1964111328125","-27.422775268554688","-1315.1964111328125","-915.4989013671876","2001","0.8821022510528564","0.8821022510528564","0.22159090638160703","0.8181818127632141","0.203125","0.8664772510528564","0.703125","0.7017045617103577","2315.7763671875","2315.186767578125","0.9730113744735718","0.9247159361839294","0.9673295617103576","0.9247159361839294","2316.13330078125","153.68374633789062","2469.817138671875","2316.1337890625","","-1371.7733154296875","-28.28728485107422","-1371.7733154296875","-944.360107421875","0.890625","0.890625","0.21875","0.8082386255264282","0.22159090638160703","0.859375","0.6789772510528564","0.6789772510528564","2317.412353515625","2317.175537109375","0.9730113744735718","0.9147727489471436","0.9730113744735718","0.9147727489471436","2316.85595703125","2469.79345703125"
"likely-silence-552","0","avg","jointprior","finished","-","","","2026-04-13T16:33:01.000Z","342","","{'seed': 0, 'checkpoint_metric': 'val/loss/loss', 'log': {'wandb_entity': 'eso18-imperial-college-london', 'wandb_group': 'full_runs', 'wandb_run_name': '', 'wandb_project_name': 'mvvae_scMNC', 'wandb_log_freq': 50, 'wandb_offline': False, 'wandb_local_instance': True, 'dir_logs': '/rds/general/user/eso18/home/mmvmvae/run_scMNC/logs', 'downstream_logging_frequency': 1, 'coherence_logging_frequency': 1, 'img_plotting_frequency': 1, 'fid_logging_frequency': 50, 'val_freq': 1, 'debug': False, 'likelihood_logging_frequency': 1}, 'dataset': {'name': 'scMNC', 'num_workers': 8, 'num_views': 2, 'dir_data': '/rds/general/user/eso18/home/mmvmvae/data/scMNC', 'num_labels': 6, 'dir_clf': '/rds/general/user/eso18/home/mmvmvae/trained_classifiers/scMNC', 'n_clfs_outputs': 6, 'label_names': ['A', 'B', 'C', 'D', 'E', 'F']}, 'model': {'device': 'cuda', 'batch_size': 32, 'batch_size_eval': 64, 'lr': 0.001, 'epochs': 150, 'temp_annealing': 'cosine', 'seed': 1, 'latent_dim': 32, 'hidden_dim': 512, 'early_stop': True, 'beta_annealing': False, 'init_beta_value': 0.0, 'final_beta_value': 1.0, 'schedule': 'cyclical', 'beta_annealing_steps': 250000, 'beta_M': 20, 'beta_R': 0.5, 'use_resnets': True, 'name': 'jointprior', 'alpha_annealing': True, 'init_alpha_value': 1.0, 'final_alpha_value': 0.0, 'alpha_annealing_steps': 150000, 'cov_scalar': 1.0, 'alpha_scalar': 0.0, 'beta': '', 'aggregation': 'avg'}, 'eval': {'num_samples_train': 10000, 'max_iteration': 10000, 'eval_downstream_task': True, 'coherence': True, 'path_inception_weights': '/rds/general/user/eso18/home/mmvmvae/utils/pt_inception-2015-12-05-6726825d.pth'}}","val/loss/loss","/rds/general/user/eso18/home/mmvmvae/trained_classifiers/scMNC","","/rds/general/user/eso18/home/mmvmvae/data/scMNC","","[""A"",""B"",""C"",""D"",""E"",""F""]","","6","scMNC","6","2","8","true","true","10000","10000","/rds/general/user/eso18/home/mmvmvae/utils/pt_inception-2015-12-05-6726825d.pth","1","false","/rds/general/user/eso18/home/mmvmvae/run_scMNC/logs","1","50","1","1","1","eso18-imperial-college-london","full_runs","true","50","false","mvvae_scMNC","","true","150000","32","64","","20","0.5","false","250000","1","cuda","true","150","0","1","512","1","0","32","0.001","cyclical","1","cosine","true","0","","1","46","0.8920454382896423","0.8920454382896423","0.23011364042758944","0.7826704382896423","0.2826704680919647","0.875","0.6974431872367859","0.7002840638160706","2259.156005859375","2259.51953125","0.958806812763214","0.9261363744735718","0.958806812763214","0.9261363744735718","2259.41015625","154.81991577148438","2556.92236328125","2402.1025390625","","-1315.6343994140625","-32.543975830078125","-1315.6343994140625","-1086.4681396484375","4276","0.8920454382896423","0.8920454382896423","0.23011364042758944","0.7826704382896423","0.2826704680919647","0.8991477489471436","0.7173295617103577","0.7130681872367859","2259.156005859375","2255.112548828125","0.9701704382896424","0.9261363744735718","0.958806812763214","0.9261363744735718","2259.41015625","154.72647094726562","2414.136474609375","2259.41015625","","-1371.2869873046875","-26.602764129638672","-1371.2869873046875","-888.1231079101562","0.8991477489471436","0.8991477489471436","0.22301135957241056","0.796875","0.2869318127632141","0.8735795617103577","0.6960227489471436","0.6974431872367859","2255.13427734375","2255.113037109375","0.9559659361839294","0.9247159361839294","0.9559659361839294","0.9247159361839294","2253.149169921875","2405.8857421875"
"happy-vortex-551","0.1","avg","jointprior","finished","-","","","2026-04-04T22:15:24.000Z","289","","{'seed': 0, 'checkpoint_metric': 'val/loss/loss', 'log': {'wandb_entity': 'eso18-imperial-college-london', 'wandb_group': 'full_runs', 'wandb_run_name': '', 'wandb_project_name': 'mvvae_scMNC', 'wandb_log_freq': 50, 'wandb_offline': False, 'wandb_local_instance': True, 'dir_logs': '/rds/general/user/eso18/home/mmvmvae/run_scMNC/logs', 'downstream_logging_frequency': 1, 'coherence_logging_frequency': 1, 'img_plotting_frequency': 1, 'fid_logging_frequency': 50, 'val_freq': 1, 'debug': False, 'likelihood_logging_frequency': 1}, 'dataset': {'name': 'scMNC', 'num_workers': 8, 'num_views': 2, 'dir_data': '/rds/general/user/eso18/home/mmvmvae/data/scMNC', 'num_labels': 6, 'dir_clf': '/rds/general/user/eso18/home/mmvmvae/trained_classifiers/scMNC', 'n_clfs_outputs': 6, 'label_names': ['A', 'B', 'C', 'D', 'E', 'F']}, 'model': {'device': 'cuda', 'batch_size': 32, 'batch_size_eval': 64, 'lr': 0.001, 'epochs': 150, 'temp_annealing': 'cosine', 'seed': 4, 'latent_dim': 32, 'hidden_dim': 512, 'early_stop': True, 'beta_annealing': False, 'init_beta_value': 0.0, 'final_beta_value': 1.0, 'schedule': 'cyclical', 'beta_annealing_steps': 250000, 'beta_M': 20, 'beta_R': 0.5, 'use_resnets': True, 'name': 'jointprior', 'alpha_annealing': True, 'init_alpha_value': 1.0, 'final_alpha_value': 0.0, 'alpha_annealing_steps': 150000, 'cov_scalar': 0.99, 'alpha_scalar': 0.1, 'beta': '', 'aggregation': 'avg'}, 'eval': {'num_samples_train': 10000, 'max_iteration': 10000, 'eval_downstream_task': True, 'coherence': True, 'path_inception_weights': '/rds/general/user/eso18/home/mmvmvae/utils/pt_inception-2015-12-05-6726825d.pth'}}","val/loss/loss","/rds/general/user/eso18/home/mmvmvae/trained_classifiers/scMNC","","/rds/general/user/eso18/home/mmvmvae/data/scMNC","","[""A"",""B"",""C"",""D"",""E"",""F""]","","6","scMNC","6","2","8","true","true","10000","10000","/rds/general/user/eso18/home/mmvmvae/utils/pt_inception-2015-12-05-6726825d.pth","1","false","/rds/general/user/eso18/home/mmvmvae/run_scMNC/logs","1","50","1","1","1","eso18-imperial-college-london","full_runs","true","50","false","mvvae_scMNC","","true","150000","32","64","","20","0.5","false","250000","0.99","cuda","true","150","0","1","512","1","0","32","0.001","cyclical","4","cosine","true","0","","1","39","0.8977272510528564","0.8977272510528564","0.24573864042758944","0.7727272510528564","0.32102271914482117","0.8579545617103577","0.6789772510528564","0.6775568127632141","2266.13134765625","2265.994140625","0.9659090638160706","0.8991477489471436","0.9659090638160706","0.8991477489471436","2266.9794921875","154.5967559814453","2412.57080078125","2257.973876953125","","-1239.119384765625","-30.51868438720703","-1239.119384765625","-1018.8546142578124","3639","0.8977272510528564","0.8977272510528564","0.24573864042758944","0.7727272510528564","0.32102271914482117","0.8607954382896423","0.7144886255264282","0.7144886255264282","2266.13134765625","2260.905517578125","0.96875","0.8991477489471436","0.9659090638160706","0.8991477489471436","2266.9794921875","152.8393096923828","2419.818603515625","2266.9794921875","","-1372.1590576171875","-26.803373336791992","-1372.1590576171875","-894.8203125","0.890625","0.890625","0.25284090638160706","0.7784090638160706","0.2911931872367859","0.8607954382896423","0.6747159361839294","0.6761363744735718","2260.42578125","2260.905517578125","0.9559659361839294","0.9076704382896424","0.9559659361839294","0.9076704382896424","2263.37158203125","2416.02880859375"
"fallen-sun-550","0.99","avg","jointprior","finished","-","","","2026-04-04T02:56:03.000Z","234","","{'seed': 0, 'checkpoint_metric': 'val/loss/loss', 'log': {'wandb_entity': 'eso18-imperial-college-london', 'wandb_group': 'full_runs', 'wandb_run_name': '', 'wandb_project_name': 'mvvae_scMNC', 'wandb_log_freq': 50, 'wandb_offline': False, 'wandb_local_instance': True, 'dir_logs': '/rds/general/user/eso18/home/mmvmvae/run_scMNC/logs', 'downstream_logging_frequency': 1, 'coherence_logging_frequency': 1, 'img_plotting_frequency': 1, 'fid_logging_frequency': 50, 'val_freq': 1, 'debug': False, 'likelihood_logging_frequency': 1}, 'dataset': {'name': 'scMNC', 'num_workers': 8, 'num_views': 2, 'dir_data': '/rds/general/user/eso18/home/mmvmvae/data/scMNC', 'num_labels': 6, 'dir_clf': '/rds/general/user/eso18/home/mmvmvae/trained_classifiers/scMNC', 'n_clfs_outputs': 6, 'label_names': ['A', 'B', 'C', 'D', 'E', 'F']}, 'model': {'device': 'cuda', 'batch_size': 32, 'batch_size_eval': 64, 'lr': 0.001, 'epochs': 150, 'temp_annealing': 'cosine', 'seed': 5, 'latent_dim': 32, 'hidden_dim': 512, 'early_stop': True, 'beta_annealing': False, 'init_beta_value': 0.0, 'final_beta_value': 1.0, 'schedule': 'cyclical', 'beta_annealing_steps': 250000, 'beta_M': 20, 'beta_R': 0.5, 'use_resnets': True, 'name': 'jointprior', 'alpha_annealing': True, 'init_alpha_value': 1.0, 'final_alpha_value': 0.0, 'alpha_annealing_steps': 150000, 'cov_scalar': 0.0199, 'alpha_scalar': 0.99, 'beta': '', 'aggregation': 'avg'}, 'eval': {'num_samples_train': 10000, 'max_iteration': 10000, 'eval_downstream_task': True, 'coherence': True, 'path_inception_weights': '/rds/general/user/eso18/home/mmvmvae/utils/pt_inception-2015-12-05-6726825d.pth'}}","val/loss/loss","/rds/general/user/eso18/home/mmvmvae/trained_classifiers/scMNC","","/rds/general/user/eso18/home/mmvmvae/data/scMNC","","[""A"",""B"",""C"",""D"",""E"",""F""]","","6","scMNC","6","2","8","true","true","10000","10000","/rds/general/user/eso18/home/mmvmvae/utils/pt_inception-2015-12-05-6726825d.pth","1","false","/rds/general/user/eso18/home/mmvmvae/run_scMNC/logs","1","50","1","1","1","eso18-imperial-college-london","full_runs","true","50","false","mvvae_scMNC","","true","150000","32","64","","20","0.5","false","250000","0.0199","cuda","true","150","0","1","512","1","0","32","0.001","cyclical","5","cosine","true","0","","1","32","0.9090909361839294","0.9090909361839294","0.046875","0.7542613744735718","0.11789772659540176","0.8877840638160706","0.6676136255264282","0.6661931872367859","2290.080322265625","2289.965576171875","0.9602272510528564","0.9034090638160706","0.9602272510528564","0.9034090638160706","2291.77392578125","283.94024658203125","2742.681396484375","2458.7412109375","","-1215.576416015625","-37.237648010253906","-1215.576416015625","-1243.16455078125","3002","0.9090909361839294","0.9090909361839294","0.046875","0.7542613744735718","0.11789772659540176","0.8977272510528564","0.6974431872367859","0.6988636255264282","2290.080322265625","2288.10595703125","0.9715909361839294","0.9034090638160706","0.9602272510528564","0.9034090638160706","2291.77392578125","298.78753662109375","2590.561279296875","2291.773681640625","","-1374.4166259765625","-27.47844123840332","-1374.4166259765625","-917.357177734375","0.890625","0.890625","0.07528409361839294","0.7357954382896423","0.11505682021379472","0.8693181872367859","0.6960227489471436","0.6988636255264282","2293.64794921875","2293.89208984375","0.9644886255264282","0.9005681872367859","0.9644886255264282","0.9005681872367859","2292.160400390625","2587.500244140625"
"eager-shadow-549","0.97","avg","jointprior","finished","-","","","2026-04-04T02:54:49.000Z","249","","{'seed': 0, 'checkpoint_metric': 'val/loss/loss', 'log': {'wandb_entity': 'eso18-imperial-college-london', 'wandb_group': 'full_runs', 'wandb_run_name': '', 'wandb_project_name': 'mvvae_scMNC', 'wandb_log_freq': 50, 'wandb_offline': False, 'wandb_local_instance': True, 'dir_logs': '/rds/general/user/eso18/home/mmvmvae/run_scMNC/logs', 'downstream_logging_frequency': 1, 'coherence_logging_frequency': 1, 'img_plotting_frequency': 1, 'fid_logging_frequency': 50, 'val_freq': 1, 'debug': False, 'likelihood_logging_frequency': 1}, 'dataset': {'name': 'scMNC', 'num_workers': 8, 'num_views': 2, 'dir_data': '/rds/general/user/eso18/home/mmvmvae/data/scMNC', 'num_labels': 6, 'dir_clf': '/rds/general/user/eso18/home/mmvmvae/trained_classifiers/scMNC', 'n_clfs_outputs': 6, 'label_names': ['A', 'B', 'C', 'D', 'E', 'F']}, 'model': {'device': 'cuda', 'batch_size': 32, 'batch_size_eval': 64, 'lr': 0.001, 'epochs': 150, 'temp_annealing': 'cosine', 'seed': 5, 'latent_dim': 32, 'hidden_dim': 512, 'early_stop': True, 'beta_annealing': False, 'init_beta_value': 0.0, 'final_beta_value': 1.0, 'schedule': 'cyclical', 'beta_annealing_steps': 250000, 'beta_M': 20, 'beta_R': 0.5, 'use_resnets': True, 'name': 'jointprior', 'alpha_annealing': True, 'init_alpha_value': 1.0, 'final_alpha_value': 0.0, 'alpha_annealing_steps': 150000, 'cov_scalar': 0.0591, 'alpha_scalar': 0.97, 'beta': '', 'aggregation': 'avg'}, 'eval': {'num_samples_train': 10000, 'max_iteration': 10000, 'eval_downstream_task': True, 'coherence': True, 'path_inception_weights': '/rds/general/user/eso18/home/mmvmvae/utils/pt_inception-2015-12-05-6726825d.pth'}}","val/loss/loss","/rds/general/user/eso18/home/mmvmvae/trained_classifiers/scMNC","","/rds/general/user/eso18/home/mmvmvae/data/scMNC","","[""A"",""B"",""C"",""D"",""E"",""F""]","","6","scMNC","6","2","8","true","true","10000","10000","/rds/general/user/eso18/home/mmvmvae/utils/pt_inception-2015-12-05-6726825d.pth","1","false","/rds/general/user/eso18/home/mmvmvae/run_scMNC/logs","1","50","1","1","1","eso18-imperial-college-london","full_runs","true","50","false","mvvae_scMNC","","true","150000","32","64","","20","0.5","false","250000","0.0591","cuda","true","150","0","1","512","1","0","32","0.001","cyclical","5","cosine","true","0","","1","33","0.9076704382896424","0.9076704382896424","0.1349431872367859","0.7286931872367859","0.16335226595401764","0.8948863744735718","0.6590909361839294","0.6590909361839294","2284.024169921875","2284.11376953125","0.9701704382896424","0.9147727489471436","0.9701704382896424","0.9147727489471436","2284.156494140625","228.02838134765625","2398.580078125","2170.5517578125","","-1246.365234375","-27.683002471923828","-1246.365234375","-924.1864013671876","3093","0.9076704382896424","0.9076704382896424","0.1349431872367859","0.7286931872367859","0.16335226595401764","0.8948863744735718","0.7073863744735718","0.7073863744735718","2284.024169921875","2276.85546875","0.9701704382896424","0.9147727489471436","0.9701704382896424","0.9147727489471436","2284.156494140625","238.1602478027344","2522.316650390625","2284.156494140625","","-1371.44921875","-27.33915328979492","-1371.44921875","-912.7072143554688","0.9005681872367859","0.9005681872367859","0.15198864042758942","0.7173295617103577","0.15340909361839294","0.8920454382896423","0.6619318127632141","0.6605113744735718","2276.865234375","2276.85546875","0.9573863744735718","0.911931812763214","0.9573863744735718","0.911931812763214","2276.485107421875","2514.09716796875"
"true-snowball-548","0.95","avg","jointprior","finished","-","","","2026-04-04T02:53:14.000Z","205","","{'seed': 0, 'checkpoint_metric': 'val/loss/loss', 'log': {'wandb_entity': 'eso18-imperial-college-london', 'wandb_group': 'full_runs', 'wandb_run_name': '', 'wandb_project_name': 'mvvae_scMNC', 'wandb_log_freq': 50, 'wandb_offline': False, 'wandb_local_instance': True, 'dir_logs': '/rds/general/user/eso18/home/mmvmvae/run_scMNC/logs', 'downstream_logging_frequency': 1, 'coherence_logging_frequency': 1, 'img_plotting_frequency': 1, 'fid_logging_frequency': 50, 'val_freq': 1, 'debug': False, 'likelihood_logging_frequency': 1}, 'dataset': {'name': 'scMNC', 'num_workers': 8, 'num_views': 2, 'dir_data': '/rds/general/user/eso18/home/mmvmvae/data/scMNC', 'num_labels': 6, 'dir_clf': '/rds/general/user/eso18/home/mmvmvae/trained_classifiers/scMNC', 'n_clfs_outputs': 6, 'label_names': ['A', 'B', 'C', 'D', 'E', 'F']}, 'model': {'device': 'cuda', 'batch_size': 32, 'batch_size_eval': 64, 'lr': 0.001, 'epochs': 150, 'temp_annealing': 'cosine', 'seed': 5, 'latent_dim': 32, 'hidden_dim': 512, 'early_stop': True, 'beta_annealing': False, 'init_beta_value': 0.0, 'final_beta_value': 1.0, 'schedule': 'cyclical', 'beta_annealing_steps': 250000, 'beta_M': 20, 'beta_R': 0.5, 'use_resnets': True, 'name': 'jointprior', 'alpha_annealing': True, 'init_alpha_value': 1.0, 'final_alpha_value': 0.0, 'alpha_annealing_steps': 150000, 'cov_scalar': 0.0975, 'alpha_scalar': 0.95, 'beta': '', 'aggregation': 'avg'}, 'eval': {'num_samples_train': 10000, 'max_iteration': 10000, 'eval_downstream_task': True, 'coherence': True, 'path_inception_weights': '/rds/general/user/eso18/home/mmvmvae/utils/pt_inception-2015-12-05-6726825d.pth'}}","val/loss/loss","/rds/general/user/eso18/home/mmvmvae/trained_classifiers/scMNC","","/rds/general/user/eso18/home/mmvmvae/data/scMNC","","[""A"",""B"",""C"",""D"",""E"",""F""]","","6","scMNC","6","2","8","true","true","10000","10000","/rds/general/user/eso18/home/mmvmvae/utils/pt_inception-2015-12-05-6726825d.pth","1","false","/rds/general/user/eso18/home/mmvmvae/run_scMNC/logs","1","50","1","1","1","eso18-imperial-college-london","full_runs","true","50","false","mvvae_scMNC","","true","150000","32","64","","20","0.5","false","250000","0.0975","cuda","true","150","0","1","512","1","0","32","0.001","cyclical","5","cosine","true","0","","1","25","0.9034090638160706","0.9034090638160706","0.16335226595401764","0.7443181872367859","0.1775568127632141","0.8778409361839294","0.6548295617103577","0.6576704382896423","2303.293701171875","2303.379638671875","0.953125","0.9204545617103576","0.953125","0.9204545617103576","2300.348876953125","202.90220642089844","2476.566650390625","2273.66455078125","","-1305.588623046875","-28.99765968322754","-1305.588623046875","-968.0758056640624","2365","0.9034090638160706","0.9034090638160706","0.16335226595401764","0.7443181872367859","0.1775568127632141","0.890625","0.7002840638160706","0.7002840638160706","2303.293701171875","2301.230224609375","0.9673295617103576","0.9204545617103576","0.953125","0.9204545617103576","2300.348876953125","215.2331085205078","2515.581787109375","2300.3486328125","","-1379.533935546875","-27.582008361816406","-1379.533935546875","-920.814697265625","0.9034090638160706","0.9034090638160706","0.11363636702299118","0.71875","0.17471590638160706","0.8693181872367859","0.6690340638160706","0.6704545617103577","2300.958251953125","2301.28564453125","0.9673295617103576","0.9176136255264282","0.9673295617103576","0.9176136255264282","2301.700439453125","2513.465087890625"
"celestial-bush-547","0.93","avg","jointprior","finished","-","","","2026-04-04T02:49:08.000Z","248","","{'seed': 0, 'checkpoint_metric': 'val/loss/loss', 'log': {'wandb_entity': 'eso18-imperial-college-london', 'wandb_group': 'full_runs', 'wandb_run_name': '', 'wandb_project_name': 'mvvae_scMNC', 'wandb_log_freq': 50, 'wandb_offline': False, 'wandb_local_instance': True, 'dir_logs': '/rds/general/user/eso18/home/mmvmvae/run_scMNC/logs', 'downstream_logging_frequency': 1, 'coherence_logging_frequency': 1, 'img_plotting_frequency': 1, 'fid_logging_frequency': 50, 'val_freq': 1, 'debug': False, 'likelihood_logging_frequency': 1}, 'dataset': {'name': 'scMNC', 'num_workers': 8, 'num_views': 2, 'dir_data': '/rds/general/user/eso18/home/mmvmvae/data/scMNC', 'num_labels': 6, 'dir_clf': '/rds/general/user/eso18/home/mmvmvae/trained_classifiers/scMNC', 'n_clfs_outputs': 6, 'label_names': ['A', 'B', 'C', 'D', 'E', 'F']}, 'model': {'device': 'cuda', 'batch_size': 32, 'batch_size_eval': 64, 'lr': 0.001, 'epochs': 150, 'temp_annealing': 'cosine', 'seed': 5, 'latent_dim': 32, 'hidden_dim': 512, 'early_stop': True, 'beta_annealing': False, 'init_beta_value': 0.0, 'final_beta_value': 1.0, 'schedule': 'cyclical', 'beta_annealing_steps': 250000, 'beta_M': 20, 'beta_R': 0.5, 'use_resnets': True, 'name': 'jointprior', 'alpha_annealing': True, 'init_alpha_value': 1.0, 'final_alpha_value': 0.0, 'alpha_annealing_steps': 150000, 'cov_scalar': 0.1351, 'alpha_scalar': 0.93, 'beta': '', 'aggregation': 'avg'}, 'eval': {'num_samples_train': 10000, 'max_iteration': 10000, 'eval_downstream_task': True, 'coherence': True, 'path_inception_weights': '/rds/general/user/eso18/home/mmvmvae/utils/pt_inception-2015-12-05-6726825d.pth'}}","val/loss/loss","/rds/general/user/eso18/home/mmvmvae/trained_classifiers/scMNC","","/rds/general/user/eso18/home/mmvmvae/data/scMNC","","[""A"",""B"",""C"",""D"",""E"",""F""]","","6","scMNC","6","2","8","true","true","10000","10000","/rds/general/user/eso18/home/mmvmvae/utils/pt_inception-2015-12-05-6726825d.pth","1","false","/rds/general/user/eso18/home/mmvmvae/run_scMNC/logs","1","50","1","1","1","eso18-imperial-college-london","full_runs","true","50","false","mvvae_scMNC","","true","150000","32","64","","20","0.5","false","250000","0.1351","cuda","true","150","0","1","512","1","0","32","0.001","cyclical","5","cosine","true","0","","1","33","0.9019886255264282","0.9019886255264282","0.14204545319080353","0.7144886255264282","0.19460226595401764","0.8877840638160706","0.65625","0.65625","2287.734375","2287.29052734375","0.9673295617103576","0.90625","0.9673295617103576","0.90625","2286.8203125","199.7930908203125","2400.9482421875","2201.155029296875","","-1272.1961669921875","-27.82595443725586","-1272.1961669921875","-928.9588623046876","3093","0.9019886255264282","0.9019886255264282","0.14204545319080353","0.7144886255264282","0.19460226595401764","0.8892045617103577","0.6974431872367859","0.6974431872367859","2287.734375","2276.103271484375","0.9730113744735718","0.90625","0.9673295617103576","0.90625","2286.8203125","196.92530822753903","2483.74560546875","2286.8203125","","-1369.895751953125","-27.465478897094727","-1369.895751953125","-916.924560546875","0.8977272510528564","0.8977272510528564","0.11931817978620528","0.7571022510528564","0.18323864042758944","0.8849431872367859","0.6633522510528564","0.6619318127632141","2276.38134765625","2276.103271484375","0.9730113744735718","0.9147727489471436","0.9730113744735718","0.9147727489471436","2274.950439453125","2472.38671875"
"eager-firefly-546","0.9","avg","jointprior","finished","-","","","2026-04-04T02:47:45.000Z","247","","{'seed': 0, 'checkpoint_metric': 'val/loss/loss', 'log': {'wandb_entity': 'eso18-imperial-college-london', 'wandb_group': 'full_runs', 'wandb_run_name': '', 'wandb_project_name': 'mvvae_scMNC', 'wandb_log_freq': 50, 'wandb_offline': False, 'wandb_local_instance': True, 'dir_logs': '/rds/general/user/eso18/home/mmvmvae/run_scMNC/logs', 'downstream_logging_frequency': 1, 'coherence_logging_frequency': 1, 'img_plotting_frequency': 1, 'fid_logging_frequency': 50, 'val_freq': 1, 'debug': False, 'likelihood_logging_frequency': 1}, 'dataset': {'name': 'scMNC', 'num_workers': 8, 'num_views': 2, 'dir_data': '/rds/general/user/eso18/home/mmvmvae/data/scMNC', 'num_labels': 6, 'dir_clf': '/rds/general/user/eso18/home/mmvmvae/trained_classifiers/scMNC', 'n_clfs_outputs': 6, 'label_names': ['A', 'B', 'C', 'D', 'E', 'F']}, 'model': {'device': 'cuda', 'batch_size': 32, 'batch_size_eval': 64, 'lr': 0.001, 'epochs': 150, 'temp_annealing': 'cosine', 'seed': 5, 'latent_dim': 32, 'hidden_dim': 512, 'early_stop': True, 'beta_annealing': False, 'init_beta_value': 0.0, 'final_beta_value': 1.0, 'schedule': 'cyclical', 'beta_annealing_steps': 250000, 'beta_M': 20, 'beta_R': 0.5, 'use_resnets': True, 'name': 'jointprior', 'alpha_annealing': True, 'init_alpha_value': 1.0, 'final_alpha_value': 0.0, 'alpha_annealing_steps': 150000, 'cov_scalar': 0.19, 'alpha_scalar': 0.9, 'beta': '', 'aggregation': 'avg'}, 'eval': {'num_samples_train': 10000, 'max_iteration': 10000, 'eval_downstream_task': True, 'coherence': True, 'path_inception_weights': '/rds/general/user/eso18/home/mmvmvae/utils/pt_inception-2015-12-05-6726825d.pth'}}","val/loss/loss","/rds/general/user/eso18/home/mmvmvae/trained_classifiers/scMNC","","/rds/general/user/eso18/home/mmvmvae/data/scMNC","","[""A"",""B"",""C"",""D"",""E"",""F""]","","6","scMNC","6","2","8","true","true","10000","10000","/rds/general/user/eso18/home/mmvmvae/utils/pt_inception-2015-12-05-6726825d.pth","1","false","/rds/general/user/eso18/home/mmvmvae/run_scMNC/logs","1","50","1","1","1","eso18-imperial-college-london","full_runs","true","50","false","mvvae_scMNC","","true","150000","32","64","","20","0.5","false","250000","0.19","cuda","true","150","0","1","512","1","0","32","0.001","cyclical","5","cosine","true","0","","1","33","0.8977272510528564","0.8977272510528564","0.11221590638160706","0.7428977489471436","0.234375","0.8877840638160706","0.6448863744735718","0.6448863744735718","2287.539794921875","2287.593505859375","0.9730113744735718","0.9105113744735718","0.9730113744735718","0.9105113744735718","2286.9326171875","181.1966857910156","2360.320556640625","2179.123779296875","","-1249.937255859375","-27.832775115966797","-1249.937255859375","-929.1865234375","3093","0.8977272510528564","0.8977272510528564","0.11221590638160706","0.7428977489471436","0.234375","0.8920454382896423","0.6917613744735718","0.6875","2287.539794921875","2279.212890625","0.974431812763214","0.9105113744735718","0.9730113744735718","0.9105113744735718","2286.9326171875","181.06239318847656","2467.99462890625","2286.9326171875","","-1367.71923828125","-27.534032821655273","-1367.71923828125","-919.2130737304688","0.9005681872367859","0.9005681872367859","0.10511363297700882","0.734375","0.2286931872367859","0.890625","0.6690340638160706","0.6690340638160706","2279.4765625","2279.212890625","0.9701704382896424","0.9090909361839294","0.9701704382896424","0.9090909361839294","2279.356689453125","2460.468017578125"
"lucky-forest-545","0.8","avg","jointprior","finished","-","","","2026-04-04T02:45:54.000Z","247","","{'seed': 0, 'checkpoint_metric': 'val/loss/loss', 'log': {'wandb_entity': 'eso18-imperial-college-london', 'wandb_group': 'full_runs', 'wandb_run_name': '', 'wandb_project_name': 'mvvae_scMNC', 'wandb_log_freq': 50, 'wandb_offline': False, 'wandb_local_instance': True, 'dir_logs': '/rds/general/user/eso18/home/mmvmvae/run_scMNC/logs', 'downstream_logging_frequency': 1, 'coherence_logging_frequency': 1, 'img_plotting_frequency': 1, 'fid_logging_frequency': 50, 'val_freq': 1, 'debug': False, 'likelihood_logging_frequency': 1}, 'dataset': {'name': 'scMNC', 'num_workers': 8, 'num_views': 2, 'dir_data': '/rds/general/user/eso18/home/mmvmvae/data/scMNC', 'num_labels': 6, 'dir_clf': '/rds/general/user/eso18/home/mmvmvae/trained_classifiers/scMNC', 'n_clfs_outputs': 6, 'label_names': ['A', 'B', 'C', 'D', 'E', 'F']}, 'model': {'device': 'cuda', 'batch_size': 32, 'batch_size_eval': 64, 'lr': 0.001, 'epochs': 150, 'temp_annealing': 'cosine', 'seed': 5, 'latent_dim': 32, 'hidden_dim': 512, 'early_stop': True, 'beta_annealing': False, 'init_beta_value': 0.0, 'final_beta_value': 1.0, 'schedule': 'cyclical', 'beta_annealing_steps': 250000, 'beta_M': 20, 'beta_R': 0.5, 'use_resnets': True, 'name': 'jointprior', 'alpha_annealing': True, 'init_alpha_value': 1.0, 'final_alpha_value': 0.0, 'alpha_annealing_steps': 150000, 'cov_scalar': 0.36, 'alpha_scalar': 0.8, 'beta': '', 'aggregation': 'avg'}, 'eval': {'num_samples_train': 10000, 'max_iteration': 10000, 'eval_downstream_task': True, 'coherence': True, 'path_inception_weights': '/rds/general/user/eso18/home/mmvmvae/utils/pt_inception-2015-12-05-6726825d.pth'}}","val/loss/loss","/rds/general/user/eso18/home/mmvmvae/trained_classifiers/scMNC","","/rds/general/user/eso18/home/mmvmvae/data/scMNC","","[""A"",""B"",""C"",""D"",""E"",""F""]","","6","scMNC","6","2","8","true","true","10000","10000","/rds/general/user/eso18/home/mmvmvae/utils/pt_inception-2015-12-05-6726825d.pth","1","false","/rds/general/user/eso18/home/mmvmvae/run_scMNC/logs","1","50","1","1","1","eso18-imperial-college-london","full_runs","true","50","false","mvvae_scMNC","","true","150000","32","64","","20","0.5","false","250000","0.36","cuda","true","150","0","1","512","1","0","32","0.001","cyclical","5","cosine","true","0","","1","33","0.8991477489471436","0.8991477489471436","0.12926135957241058","0.7485795617103577","0.16477273404598236","0.8693181872367859","0.65625","0.65625","2295.953369140625","2296.2890625","0.9616477489471436","0.9105113744735718","0.9616477489471436","0.9105113744735718","2293.934814453125","159.33242797851562","2341.17333984375","2181.84130859375","","-1250.287841796875","-27.903667449951172","-1250.287841796875","-931.5532836914062","3093","0.8991477489471436","0.8991477489471436","0.12926135957241058","0.7485795617103577","0.16477273404598236","0.8806818127632141","0.6889204382896423","0.6889204382896423","2295.953369140625","2285.67724609375","0.9701704382896424","0.9105113744735718","0.9616477489471436","0.9105113744735718","2293.934814453125","154.869384765625","2448.80419921875","2293.9345703125","","-1369.8590087890625","-27.679685592651367","-1369.8590087890625","-924.0758056640624","0.8963068127632141","0.8963068127632141","0.1619318127632141","0.7613636255264282","0.171875","0.8721590638160706","0.6761363744735718","0.6761363744735718","2285.762939453125","2285.67724609375","0.9644886255264282","0.90625","0.9644886255264282","0.90625","2284.583984375","2441.36865234375"
"royal-snowball-544","0.7","avg","jointprior","finished","-","","","2026-04-04T02:42:15.000Z","224","","{'seed': 0, 'checkpoint_metric': 'val/loss/loss', 'log': {'wandb_entity': 'eso18-imperial-college-london', 'wandb_group': 'full_runs', 'wandb_run_name': '', 'wandb_project_name': 'mvvae_scMNC', 'wandb_log_freq': 50, 'wandb_offline': False, 'wandb_local_instance': True, 'dir_logs': '/rds/general/user/eso18/home/mmvmvae/run_scMNC/logs', 'downstream_logging_frequency': 1, 'coherence_logging_frequency': 1, 'img_plotting_frequency': 1, 'fid_logging_frequency': 50, 'val_freq': 1, 'debug': False, 'likelihood_logging_frequency': 1}, 'dataset': {'name': 'scMNC', 'num_workers': 8, 'num_views': 2, 'dir_data': '/rds/general/user/eso18/home/mmvmvae/data/scMNC', 'num_labels': 6, 'dir_clf': '/rds/general/user/eso18/home/mmvmvae/trained_classifiers/scMNC', 'n_clfs_outputs': 6, 'label_names': ['A', 'B', 'C', 'D', 'E', 'F']}, 'model': {'device': 'cuda', 'batch_size': 32, 'batch_size_eval': 64, 'lr': 0.001, 'epochs': 150, 'temp_annealing': 'cosine', 'seed': 5, 'latent_dim': 32, 'hidden_dim': 512, 'early_stop': True, 'beta_annealing': False, 'init_beta_value': 0.0, 'final_beta_value': 1.0, 'schedule': 'cyclical', 'beta_annealing_steps': 250000, 'beta_M': 20, 'beta_R': 0.5, 'use_resnets': True, 'name': 'jointprior', 'alpha_annealing': True, 'init_alpha_value': 1.0, 'final_alpha_value': 0.0, 'alpha_annealing_steps': 150000, 'cov_scalar': 0.51, 'alpha_scalar': 0.7, 'beta': '', 'aggregation': 'avg'}, 'eval': {'num_samples_train': 10000, 'max_iteration': 10000, 'eval_downstream_task': True, 'coherence': True, 'path_inception_weights': '/rds/general/user/eso18/home/mmvmvae/utils/pt_inception-2015-12-05-6726825d.pth'}}","val/loss/loss","/rds/general/user/eso18/home/mmvmvae/trained_classifiers/scMNC","","/rds/general/user/eso18/home/mmvmvae/data/scMNC","","[""A"",""B"",""C"",""D"",""E"",""F""]","","6","scMNC","6","2","8","true","true","10000","10000","/rds/general/user/eso18/home/mmvmvae/utils/pt_inception-2015-12-05-6726825d.pth","1","false","/rds/general/user/eso18/home/mmvmvae/run_scMNC/logs","1","50","1","1","1","eso18-imperial-college-london","full_runs","true","50","false","mvvae_scMNC","","true","150000","32","64","","20","0.5","false","250000","0.51","cuda","true","150","0","1","512","1","0","32","0.001","cyclical","5","cosine","true","0","","1","28","0.8892045617103577","0.8892045617103577","0.16051135957241058","0.7642045617103577","0.24289773404598236","0.8678977489471436","0.6519886255264282","0.6534090638160706","2307.36474609375","2308.07080078125","0.9715909361839294","0.9034090638160706","0.9715909361839294","0.9034090638160706","2307.65478515625","150.73095703125","2433.77685546875","2283.0458984375","","-1241.416259765625","-31.200883865356445","-1241.416259765625","-1041.629638671875","2638","0.8892045617103577","0.8892045617103577","0.16051135957241058","0.7642045617103577","0.24289773404598236","0.8792613744735718","0.6960227489471436","0.6960227489471436","2307.36474609375","2302.106201171875","0.9715909361839294","0.9034090638160706","0.9715909361839294","0.9034090638160706","2307.65478515625","149.01483154296875","2456.66943359375","2307.65478515625","","-1374.1500244140625","-27.962127685546875","-1374.1500244140625","-933.5048828125","0.9048295617103576","0.9048295617103576","0.16761364042758942","0.7840909361839294","0.2613636255264282","0.8678977489471436","0.6605113744735718","0.6619318127632141","2305.33642578125","2305.486572265625","0.9573863744735718","0.9048295617103576","0.9573863744735718","0.9048295617103576","2301.3203125","2448.136962890625"
"vocal-darkness-543","0.6","avg","jointprior","finished","-","","","2026-04-04T02:40:05.000Z","283","","{'seed': 0, 'checkpoint_metric': 'val/loss/loss', 'log': {'wandb_entity': 'eso18-imperial-college-london', 'wandb_group': 'full_runs', 'wandb_run_name': '', 'wandb_project_name': 'mvvae_scMNC', 'wandb_log_freq': 50, 'wandb_offline': False, 'wandb_local_instance': True, 'dir_logs': '/rds/general/user/eso18/home/mmvmvae/run_scMNC/logs', 'downstream_logging_frequency': 1, 'coherence_logging_frequency': 1, 'img_plotting_frequency': 1, 'fid_logging_frequency': 50, 'val_freq': 1, 'debug': False, 'likelihood_logging_frequency': 1}, 'dataset': {'name': 'scMNC', 'num_workers': 8, 'num_views': 2, 'dir_data': '/rds/general/user/eso18/home/mmvmvae/data/scMNC', 'num_labels': 6, 'dir_clf': '/rds/general/user/eso18/home/mmvmvae/trained_classifiers/scMNC', 'n_clfs_outputs': 6, 'label_names': ['A', 'B', 'C', 'D', 'E', 'F']}, 'model': {'device': 'cuda', 'batch_size': 32, 'batch_size_eval': 64, 'lr': 0.001, 'epochs': 150, 'temp_annealing': 'cosine', 'seed': 5, 'latent_dim': 32, 'hidden_dim': 512, 'early_stop': True, 'beta_annealing': False, 'init_beta_value': 0.0, 'final_beta_value': 1.0, 'schedule': 'cyclical', 'beta_annealing_steps': 250000, 'beta_M': 20, 'beta_R': 0.5, 'use_resnets': True, 'name': 'jointprior', 'alpha_annealing': True, 'init_alpha_value': 1.0, 'final_alpha_value': 0.0, 'alpha_annealing_steps': 150000, 'cov_scalar': 0.64, 'alpha_scalar': 0.6, 'beta': '', 'aggregation': 'avg'}, 'eval': {'num_samples_train': 10000, 'max_iteration': 10000, 'eval_downstream_task': True, 'coherence': True, 'path_inception_weights': '/rds/general/user/eso18/home/mmvmvae/utils/pt_inception-2015-12-05-6726825d.pth'}}","val/loss/loss","/rds/general/user/eso18/home/mmvmvae/trained_classifiers/scMNC","","/rds/general/user/eso18/home/mmvmvae/data/scMNC","","[""A"",""B"",""C"",""D"",""E"",""F""]","","6","scMNC","6","2","8","true","true","10000","10000","/rds/general/user/eso18/home/mmvmvae/utils/pt_inception-2015-12-05-6726825d.pth","1","false","/rds/general/user/eso18/home/mmvmvae/run_scMNC/logs","1","50","1","1","1","eso18-imperial-college-london","full_runs","true","50","false","mvvae_scMNC","","true","150000","32","64","","20","0.5","false","250000","0.64","cuda","true","150","0","1","512","1","0","32","0.001","cyclical","5","cosine","true","0","","1","39","0.9034090638160706","0.9034090638160706","0.15340909361839294","0.7599431872367859","0.23295454680919647","0.8735795617103577","0.65625","0.65625","2276.71923828125","2277.16650390625","0.9559659361839294","0.90625","0.9559659361839294","0.90625","2279.05224609375","146.42214965820312","2334.814453125","2188.392333984375","","-1277.556884765625","-27.2830867767334","-1277.556884765625","-910.83544921875","3639","0.9034090638160706","0.9034090638160706","0.15340909361839294","0.7599431872367859","0.23295454680919647","0.8778409361839294","0.6974431872367859","0.6974431872367859","2276.71923828125","2276.3779296875","0.96875","0.90625","0.9559659361839294","0.90625","2279.05224609375","143.83355712890625","2422.8857421875","2279.052001953125","","-1370.7996826171875","-27.205717086791992","-1370.7996826171875","-908.2525024414062","0.9019886255264282","0.9019886255264282","0.14772726595401764","0.7670454382896423","0.2443181872367859","0.8721590638160706","0.6747159361839294","0.6732954382896423","2276.078125","2276.3779296875","0.9573863744735718","0.9034090638160706","0.9573863744735718","0.9034090638160706","2275.73876953125","2418.9990234375"
"fine-snow-542","0.5","avg","jointprior","finished","-","","","2026-04-04T02:38:31.000Z","254","","{'seed': 0, 'checkpoint_metric': 'val/loss/loss', 'log': {'wandb_entity': 'eso18-imperial-college-london', 'wandb_group': 'full_runs', 'wandb_run_name': '', 'wandb_project_name': 'mvvae_scMNC', 'wandb_log_freq': 50, 'wandb_offline': False, 'wandb_local_instance': True, 'dir_logs': '/rds/general/user/eso18/home/mmvmvae/run_scMNC/logs', 'downstream_logging_frequency': 1, 'coherence_logging_frequency': 1, 'img_plotting_frequency': 1, 'fid_logging_frequency': 50, 'val_freq': 1, 'debug': False, 'likelihood_logging_frequency': 1}, 'dataset': {'name': 'scMNC', 'num_workers': 8, 'num_views': 2, 'dir_data': '/rds/general/user/eso18/home/mmvmvae/data/scMNC', 'num_labels': 6, 'dir_clf': '/rds/general/user/eso18/home/mmvmvae/trained_classifiers/scMNC', 'n_clfs_outputs': 6, 'label_names': ['A', 'B', 'C', 'D', 'E', 'F']}, 'model': {'device': 'cuda', 'batch_size': 32, 'batch_size_eval': 64, 'lr': 0.001, 'epochs': 150, 'temp_annealing': 'cosine', 'seed': 5, 'latent_dim': 32, 'hidden_dim': 512, 'early_stop': True, 'beta_annealing': False, 'init_beta_value': 0.0, 'final_beta_value': 1.0, 'schedule': 'cyclical', 'beta_annealing_steps': 250000, 'beta_M': 20, 'beta_R': 0.5, 'use_resnets': True, 'name': 'jointprior', 'alpha_annealing': True, 'init_alpha_value': 1.0, 'final_alpha_value': 0.0, 'alpha_annealing_steps': 150000, 'cov_scalar': 0.75, 'alpha_scalar': 0.5, 'beta': '', 'aggregation': 'avg'}, 'eval': {'num_samples_train': 10000, 'max_iteration': 10000, 'eval_downstream_task': True, 'coherence': True, 'path_inception_weights': '/rds/general/user/eso18/home/mmvmvae/utils/pt_inception-2015-12-05-6726825d.pth'}}","val/loss/loss","/rds/general/user/eso18/home/mmvmvae/trained_classifiers/scMNC","","/rds/general/user/eso18/home/mmvmvae/data/scMNC","","[""A"",""B"",""C"",""D"",""E"",""F""]","","6","scMNC","6","2","8","true","true","10000","10000","/rds/general/user/eso18/home/mmvmvae/utils/pt_inception-2015-12-05-6726825d.pth","1","false","/rds/general/user/eso18/home/mmvmvae/run_scMNC/logs","1","50","1","1","1","eso18-imperial-college-london","full_runs","true","50","false","mvvae_scMNC","","true","150000","32","64","","20","0.5","false","250000","0.75","cuda","true","150","0","1","512","1","0","32","0.001","cyclical","5","cosine","true","0","","1","33","0.8963068127632141","0.8963068127632141","0.17613635957241058","0.7784090638160706","0.2642045319080353","0.8650568127632141","0.6619318127632141","0.6619318127632141","2297.397216796875","2297.2109375","0.96875","0.9076704382896424","0.96875","0.9076704382896424","2297.128173828125","147.7786865234375","2341.418212890625","2193.6396484375","","-1250.2655029296875","-28.257741928100582","-1250.2655029296875","-943.3739013671876","3093","0.8963068127632141","0.8963068127632141","0.17613635957241058","0.7784090638160706","0.2642045319080353","0.875","0.6917613744735718","0.6889204382896423","2297.397216796875","2288.780517578125","0.9715909361839294","0.9076704382896424","0.96875","0.9076704382896424","2297.128173828125","142.5226287841797","2439.650634765625","2297.128173828125","","-1369.999267578125","-27.771142959594727","-1369.999267578125","-927.1288452148438","0.8991477489471436","0.8991477489471436","0.20170454680919647","0.7911931872367859","0.2642045319080353","0.8622159361839294","0.6818181872367859","0.6818181872367859","2288.744140625","2288.780517578125","0.963068187236786","0.9105113744735718","0.963068187236786","0.9105113744735718","2286.70556640625","2430.42333984375"
"sage-rain-541","0.4","avg","jointprior","finished","-","","","2026-04-04T02:34:56.000Z","259","","{'seed': 0, 'checkpoint_metric': 'val/loss/loss', 'log': {'wandb_entity': 'eso18-imperial-college-london', 'wandb_group': 'full_runs', 'wandb_run_name': '', 'wandb_project_name': 'mvvae_scMNC', 'wandb_log_freq': 50, 'wandb_offline': False, 'wandb_local_instance': True, 'dir_logs': '/rds/general/user/eso18/home/mmvmvae/run_scMNC/logs', 'downstream_logging_frequency': 1, 'coherence_logging_frequency': 1, 'img_plotting_frequency': 1, 'fid_logging_frequency': 50, 'val_freq': 1, 'debug': False, 'likelihood_logging_frequency': 1}, 'dataset': {'name': 'scMNC', 'num_workers': 8, 'num_views': 2, 'dir_data': '/rds/general/user/eso18/home/mmvmvae/data/scMNC', 'num_labels': 6, 'dir_clf': '/rds/general/user/eso18/home/mmvmvae/trained_classifiers/scMNC', 'n_clfs_outputs': 6, 'label_names': ['A', 'B', 'C', 'D', 'E', 'F']}, 'model': {'device': 'cuda', 'batch_size': 32, 'batch_size_eval': 64, 'lr': 0.001, 'epochs': 150, 'temp_annealing': 'cosine', 'seed': 5, 'latent_dim': 32, 'hidden_dim': 512, 'early_stop': True, 'beta_annealing': False, 'init_beta_value': 0.0, 'final_beta_value': 1.0, 'schedule': 'cyclical', 'beta_annealing_steps': 250000, 'beta_M': 20, 'beta_R': 0.5, 'use_resnets': True, 'name': 'jointprior', 'alpha_annealing': True, 'init_alpha_value': 1.0, 'final_alpha_value': 0.0, 'alpha_annealing_steps': 150000, 'cov_scalar': 0.84, 'alpha_scalar': 0.4, 'beta': '', 'aggregation': 'avg'}, 'eval': {'num_samples_train': 10000, 'max_iteration': 10000, 'eval_downstream_task': True, 'coherence': True, 'path_inception_weights': '/rds/general/user/eso18/home/mmvmvae/utils/pt_inception-2015-12-05-6726825d.pth'}}","val/loss/loss","/rds/general/user/eso18/home/mmvmvae/trained_classifiers/scMNC","","/rds/general/user/eso18/home/mmvmvae/data/scMNC","","[""A"",""B"",""C"",""D"",""E"",""F""]","","6","scMNC","6","2","8","true","true","10000","10000","/rds/general/user/eso18/home/mmvmvae/utils/pt_inception-2015-12-05-6726825d.pth","1","false","/rds/general/user/eso18/home/mmvmvae/run_scMNC/logs","1","50","1","1","1","eso18-imperial-college-london","full_runs","true","50","false","mvvae_scMNC","","true","150000","32","64","","20","0.5","false","250000","0.84","cuda","true","150","0","1","512","1","0","32","0.001","cyclical","5","cosine","true","0","","1","33","0.8977272510528564","0.8977272510528564","0.18892045319080353","0.7627840638160706","0.2514204680919647","0.8707386255264282","0.65625","0.6548295617103577","2297.938720703125","2297.63671875","0.9644886255264282","0.9034090638160706","0.9644886255264282","0.9034090638160706","2298.264892578125","147.97073364257812","2338.14599609375","2190.17529296875","","-1254.281005859375","-28.03369903564453","-1254.281005859375","-935.894287109375","3093","0.8977272510528564","0.8977272510528564","0.18892045319080353","0.7627840638160706","0.2514204680919647","0.8721590638160706","0.6875","0.6846590638160706","2297.938720703125","2290.9912109375","0.9701704382896424","0.9034090638160706","0.9644886255264282","0.9034090638160706","2298.264892578125","142.29486083984375","2440.5595703125","2298.264892578125","","-1370.8076171875","-27.780975341796875","-1370.8076171875","-927.4570922851562","0.8991477489471436","0.8991477489471436","0.23295454680919647","0.7784090638160706","0.24857954680919647","0.8693181872367859","0.6803977489471436","0.6803977489471436","2291.169921875","2290.9912109375","0.9673295617103576","0.90625","0.9673295617103576","0.90625","2289.159423828125","2434.88671875"
"sleek-smoke-540","0.3","avg","jointprior","finished","-","","","2026-04-04T02:33:21.000Z","218","","{'seed': 0, 'checkpoint_metric': 'val/loss/loss', 'log': {'wandb_entity': 'eso18-imperial-college-london', 'wandb_group': 'full_runs', 'wandb_run_name': '', 'wandb_project_name': 'mvvae_scMNC', 'wandb_log_freq': 50, 'wandb_offline': False, 'wandb_local_instance': True, 'dir_logs': '/rds/general/user/eso18/home/mmvmvae/run_scMNC/logs', 'downstream_logging_frequency': 1, 'coherence_logging_frequency': 1, 'img_plotting_frequency': 1, 'fid_logging_frequency': 50, 'val_freq': 1, 'debug': False, 'likelihood_logging_frequency': 1}, 'dataset': {'name': 'scMNC', 'num_workers': 8, 'num_views': 2, 'dir_data': '/rds/general/user/eso18/home/mmvmvae/data/scMNC', 'num_labels': 6, 'dir_clf': '/rds/general/user/eso18/home/mmvmvae/trained_classifiers/scMNC', 'n_clfs_outputs': 6, 'label_names': ['A', 'B', 'C', 'D', 'E', 'F']}, 'model': {'device': 'cuda', 'batch_size': 32, 'batch_size_eval': 64, 'lr': 0.001, 'epochs': 150, 'temp_annealing': 'cosine', 'seed': 5, 'latent_dim': 32, 'hidden_dim': 512, 'early_stop': True, 'beta_annealing': False, 'init_beta_value': 0.0, 'final_beta_value': 1.0, 'schedule': 'cyclical', 'beta_annealing_steps': 250000, 'beta_M': 20, 'beta_R': 0.5, 'use_resnets': True, 'name': 'jointprior', 'alpha_annealing': True, 'init_alpha_value': 1.0, 'final_alpha_value': 0.0, 'alpha_annealing_steps': 150000, 'cov_scalar': 0.91, 'alpha_scalar': 0.3, 'beta': '', 'aggregation': 'avg'}, 'eval': {'num_samples_train': 10000, 'max_iteration': 10000, 'eval_downstream_task': True, 'coherence': True, 'path_inception_weights': '/rds/general/user/eso18/home/mmvmvae/utils/pt_inception-2015-12-05-6726825d.pth'}}","val/loss/loss","/rds/general/user/eso18/home/mmvmvae/trained_classifiers/scMNC","","/rds/general/user/eso18/home/mmvmvae/data/scMNC","","[""A"",""B"",""C"",""D"",""E"",""F""]","","6","scMNC","6","2","8","true","true","10000","10000","/rds/general/user/eso18/home/mmvmvae/utils/pt_inception-2015-12-05-6726825d.pth","1","false","/rds/general/user/eso18/home/mmvmvae/run_scMNC/logs","1","50","1","1","1","eso18-imperial-college-london","full_runs","true","50","false","mvvae_scMNC","","true","150000","32","64","","20","0.5","false","250000","0.91","cuda","true","150","0","1","512","1","0","32","0.001","cyclical","5","cosine","true","0","","1","28","0.8877840638160706","0.8877840638160706","0.21164773404598236","0.7982954382896423","0.234375","0.8565340638160706","0.671875","0.671875","2307.490234375","2307.897705078125","0.96875","0.9005681872367859","0.96875","0.9005681872367859","2307.251953125","149.4033203125","2444.0322265625","2294.628662109375","","-1242.444091796875","-31.51704788208008","-1242.444091796875","-1052.1846923828125","2638","0.8877840638160706","0.8877840638160706","0.21164773404598236","0.7982954382896423","0.234375","0.8678977489471436","0.6889204382896423","0.6903409361839294","2307.490234375","2307.897705078125","0.96875","0.9005681872367859","0.96875","0.9005681872367859","2307.251953125","148.40089416503906","2455.65283203125","2307.252197265625","","-1370.246337890625","-28.066986083984375","-1370.246337890625","-937.005615234375","0.9034090638160706","0.9034090638160706","0.20170454680919647","0.796875","0.265625","0.8678977489471436","0.6647727489471436","0.6633522510528564","2308.1015625","2308.541015625","0.96875","0.9076704382896424","0.96875","0.9076704382896424","2305.078125","2451.36083984375"
"summer-bird-539","0.2","avg","jointprior","finished","-","","","2026-04-04T02:31:25.000Z","247","","{'seed': 0, 'checkpoint_metric': 'val/loss/loss', 'log': {'wandb_entity': 'eso18-imperial-college-london', 'wandb_group': 'full_runs', 'wandb_run_name': '', 'wandb_project_name': 'mvvae_scMNC', 'wandb_log_freq': 50, 'wandb_offline': False, 'wandb_local_instance': True, 'dir_logs': '/rds/general/user/eso18/home/mmvmvae/run_scMNC/logs', 'downstream_logging_frequency': 1, 'coherence_logging_frequency': 1, 'img_plotting_frequency': 1, 'fid_logging_frequency': 50, 'val_freq': 1, 'debug': False, 'likelihood_logging_frequency': 1}, 'dataset': {'name': 'scMNC', 'num_workers': 8, 'num_views': 2, 'dir_data': '/rds/general/user/eso18/home/mmvmvae/data/scMNC', 'num_labels': 6, 'dir_clf': '/rds/general/user/eso18/home/mmvmvae/trained_classifiers/scMNC', 'n_clfs_outputs': 6, 'label_names': ['A', 'B', 'C', 'D', 'E', 'F']}, 'model': {'device': 'cuda', 'batch_size': 32, 'batch_size_eval': 64, 'lr': 0.001, 'epochs': 150, 'temp_annealing': 'cosine', 'seed': 5, 'latent_dim': 32, 'hidden_dim': 512, 'early_stop': True, 'beta_annealing': False, 'init_beta_value': 0.0, 'final_beta_value': 1.0, 'schedule': 'cyclical', 'beta_annealing_steps': 250000, 'beta_M': 20, 'beta_R': 0.5, 'use_resnets': True, 'name': 'jointprior', 'alpha_annealing': True, 'init_alpha_value': 1.0, 'final_alpha_value': 0.0, 'alpha_annealing_steps': 150000, 'cov_scalar': 0.96, 'alpha_scalar': 0.2, 'beta': '', 'aggregation': 'avg'}, 'eval': {'num_samples_train': 10000, 'max_iteration': 10000, 'eval_downstream_task': True, 'coherence': True, 'path_inception_weights': '/rds/general/user/eso18/home/mmvmvae/utils/pt_inception-2015-12-05-6726825d.pth'}}","val/loss/loss","/rds/general/user/eso18/home/mmvmvae/trained_classifiers/scMNC","","/rds/general/user/eso18/home/mmvmvae/data/scMNC","","[""A"",""B"",""C"",""D"",""E"",""F""]","","6","scMNC","6","2","8","true","true","10000","10000","/rds/general/user/eso18/home/mmvmvae/utils/pt_inception-2015-12-05-6726825d.pth","1","false","/rds/general/user/eso18/home/mmvmvae/run_scMNC/logs","1","50","1","1","1","eso18-imperial-college-london","full_runs","true","50","false","mvvae_scMNC","","true","150000","32","64","","20","0.5","false","250000","0.96","cuda","true","150","0","1","512","1","0","32","0.001","cyclical","5","cosine","true","0","","1","33","0.8934659361839294","0.8934659361839294","0.1775568127632141","0.7713068127632141","0.2869318127632141","0.8664772510528564","0.6576704382896423","0.65625","2297.7421875","2297.339599609375","0.9644886255264282","0.9005681872367859","0.9644886255264282","0.9005681872367859","2297.88916015625","152.25950622558594","2341.523193359375","2189.263671875","","-1247.7646484375","-28.201583862304688","-1247.7646484375","-941.4990844726562","3093","0.8934659361839294","0.8934659361839294","0.1775568127632141","0.7713068127632141","0.2869318127632141","0.8764204382896423","0.6875","0.6875","2297.7421875","2291.3408203125","0.96875","0.9005681872367859","0.9644886255264282","0.9005681872367859","2297.88916015625","146.55162048339844","2444.44091796875","2297.88916015625","","-1370.3135986328125","-27.784526824951172","-1370.3135986328125","-927.5756225585938","0.8934659361839294","0.8934659361839294","0.21732954680919647","0.7883522510528564","0.2926136255264282","0.8764204382896423","0.6704545617103577","0.6690340638160706","2292.555908203125","2292.600830078125","0.9659090638160706","0.9019886255264282","0.9659090638160706","0.9019886255264282","2290.518798828125","2438.6787109375"
"vibrant-star-538","0.15","avg","jointprior","finished","-","","","2026-04-04T02:27:08.000Z","286","","{'seed': 0, 'checkpoint_metric': 'val/loss/loss', 'log': {'wandb_entity': 'eso18-imperial-college-london', 'wandb_group': 'full_runs', 'wandb_run_name': '', 'wandb_project_name': 'mvvae_scMNC', 'wandb_log_freq': 50, 'wandb_offline': False, 'wandb_local_instance': True, 'dir_logs': '/rds/general/user/eso18/home/mmvmvae/run_scMNC/logs', 'downstream_logging_frequency': 1, 'coherence_logging_frequency': 1, 'img_plotting_frequency': 1, 'fid_logging_frequency': 50, 'val_freq': 1, 'debug': False, 'likelihood_logging_frequency': 1}, 'dataset': {'name': 'scMNC', 'num_workers': 8, 'num_views': 2, 'dir_data': '/rds/general/user/eso18/home/mmvmvae/data/scMNC', 'num_labels': 6, 'dir_clf': '/rds/general/user/eso18/home/mmvmvae/trained_classifiers/scMNC', 'n_clfs_outputs': 6, 'label_names': ['A', 'B', 'C', 'D', 'E', 'F']}, 'model': {'device': 'cuda', 'batch_size': 32, 'batch_size_eval': 64, 'lr': 0.001, 'epochs': 150, 'temp_annealing': 'cosine', 'seed': 5, 'latent_dim': 32, 'hidden_dim': 512, 'early_stop': True, 'beta_annealing': False, 'init_beta_value': 0.0, 'final_beta_value': 1.0, 'schedule': 'cyclical', 'beta_annealing_steps': 250000, 'beta_M': 20, 'beta_R': 0.5, 'use_resnets': True, 'name': 'jointprior', 'alpha_annealing': True, 'init_alpha_value': 1.0, 'final_alpha_value': 0.0, 'alpha_annealing_steps': 150000, 'cov_scalar': 0.9775, 'alpha_scalar': 0.15, 'beta': '', 'aggregation': 'avg'}, 'eval': {'num_samples_train': 10000, 'max_iteration': 10000, 'eval_downstream_task': True, 'coherence': True, 'path_inception_weights': '/rds/general/user/eso18/home/mmvmvae/utils/pt_inception-2015-12-05-6726825d.pth'}}","val/loss/loss","/rds/general/user/eso18/home/mmvmvae/trained_classifiers/scMNC","","/rds/general/user/eso18/home/mmvmvae/data/scMNC","","[""A"",""B"",""C"",""D"",""E"",""F""]","","6","scMNC","6","2","8","true","true","10000","10000","/rds/general/user/eso18/home/mmvmvae/utils/pt_inception-2015-12-05-6726825d.pth","1","false","/rds/general/user/eso18/home/mmvmvae/run_scMNC/logs","1","50","1","1","1","eso18-imperial-college-london","full_runs","true","50","false","mvvae_scMNC","","true","150000","32","64","","20","0.5","false","250000","0.9775","cuda","true","150","0","1","512","1","0","32","0.001","cyclical","5","cosine","true","0","","1","39","0.9105113744735718","0.9105113744735718","0.2088068127632141","0.7485795617103577","0.2443181872367859","0.8664772510528564","0.6704545617103577","0.6704545617103577","2274.53271484375","2274.605712890625","0.9616477489471436","0.9005681872367859","0.9616477489471436","0.9005681872367859","2274.813232421875","153.83612060546875","2321.866455078125","2168.030517578125","","-1272.084716796875","-26.83708381652832","-1272.084716796875","-895.94580078125","3639","0.9105113744735718","0.9105113744735718","0.2088068127632141","0.7485795617103577","0.2443181872367859","0.8664772510528564","0.6903409361839294","0.6903409361839294","2274.53271484375","2272.147705078125","0.9730113744735718","0.9005681872367859","0.9616477489471436","0.9005681872367859","2274.813232421875","149.55442810058594","2424.367431640625","2274.813232421875","","-1369.6988525390625","-27.111717224121097","-1369.6988525390625","-905.1142578125","0.8948863744735718","0.8948863744735718","0.2088068127632141","0.7784090638160706","0.24715909361839297","0.8508522510528564","0.6661931872367859","0.6661931872367859","2271.987060546875","2272.147705078125","0.9602272510528564","0.8991477489471436","0.9602272510528564","0.8991477489471436","2269.4365234375","2418.316162109375"
"drawn-dust-537","0.1","avg","jointprior","finished","-","","","2026-04-04T02:26:11.000Z","252","","{'seed': 0, 'checkpoint_metric': 'val/loss/loss', 'log': {'wandb_entity': 'eso18-imperial-college-london', 'wandb_group': 'full_runs', 'wandb_run_name': '', 'wandb_project_name': 'mvvae_scMNC', 'wandb_log_freq': 50, 'wandb_offline': False, 'wandb_local_instance': True, 'dir_logs': '/rds/general/user/eso18/home/mmvmvae/run_scMNC/logs', 'downstream_logging_frequency': 1, 'coherence_logging_frequency': 1, 'img_plotting_frequency': 1, 'fid_logging_frequency': 50, 'val_freq': 1, 'debug': False, 'likelihood_logging_frequency': 1}, 'dataset': {'name': 'scMNC', 'num_workers': 8, 'num_views': 2, 'dir_data': '/rds/general/user/eso18/home/mmvmvae/data/scMNC', 'num_labels': 6, 'dir_clf': '/rds/general/user/eso18/home/mmvmvae/trained_classifiers/scMNC', 'n_clfs_outputs': 6, 'label_names': ['A', 'B', 'C', 'D', 'E', 'F']}, 'model': {'device': 'cuda', 'batch_size': 32, 'batch_size_eval': 64, 'lr': 0.001, 'epochs': 150, 'temp_annealing': 'cosine', 'seed': 5, 'latent_dim': 32, 'hidden_dim': 512, 'early_stop': True, 'beta_annealing': False, 'init_beta_value': 0.0, 'final_beta_value': 1.0, 'schedule': 'cyclical', 'beta_annealing_steps': 250000, 'beta_M': 20, 'beta_R': 0.5, 'use_resnets': True, 'name': 'jointprior', 'alpha_annealing': True, 'init_alpha_value': 1.0, 'final_alpha_value': 0.0, 'alpha_annealing_steps': 150000, 'cov_scalar': 0.99, 'alpha_scalar': 0.1, 'beta': '', 'aggregation': 'avg'}, 'eval': {'num_samples_train': 10000, 'max_iteration': 10000, 'eval_downstream_task': True, 'coherence': True, 'path_inception_weights': '/rds/general/user/eso18/home/mmvmvae/utils/pt_inception-2015-12-05-6726825d.pth'}}","val/loss/loss","/rds/general/user/eso18/home/mmvmvae/trained_classifiers/scMNC","","/rds/general/user/eso18/home/mmvmvae/data/scMNC","","[""A"",""B"",""C"",""D"",""E"",""F""]","","6","scMNC","6","2","8","true","true","10000","10000","/rds/general/user/eso18/home/mmvmvae/utils/pt_inception-2015-12-05-6726825d.pth","1","false","/rds/general/user/eso18/home/mmvmvae/run_scMNC/logs","1","50","1","1","1","eso18-imperial-college-london","full_runs","true","50","false","mvvae_scMNC","","true","150000","32","64","","20","0.5","false","250000","0.99","cuda","true","150","0","1","512","1","0","32","0.001","cyclical","5","cosine","true","0","","1","33","0.8877840638160706","0.8877840638160706","0.20028409361839297","0.7727272510528564","0.2755681872367859","0.859375","0.6505681872367859","0.6505681872367859","2300.416748046875","2300.641357421875","0.9644886255264282","0.9019886255264282","0.9644886255264282","0.9019886255264282","2300.292236328125","154.12646484375","2356.39794921875","2202.271484375","","-1258.21826171875","-28.278085708618164","-1258.21826171875","-944.0530395507812","3093","0.8877840638160706","0.8877840638160706","0.20028409361839297","0.7727272510528564","0.2755681872367859","0.8707386255264282","0.6875","0.6860795617103577","2300.416748046875","2287.67919921875","0.9715909361839294","0.9019886255264282","0.9644886255264282","0.9019886255264282","2300.292236328125","148.74996948242188","2449.0419921875","2300.292236328125","","-1372.02001953125","-27.80538749694824","-1372.02001953125","-928.272216796875","0.9005681872367859","0.9005681872367859","0.22301135957241056","0.7982954382896423","0.26846590638160706","0.8707386255264282","0.6661931872367859","0.6661931872367859","2287.443603515625","2287.67919921875","0.9616477489471436","0.8991477489471436","0.9616477489471436","0.8991477489471436","2286.425048828125","2437.600830078125"
"fancy-leaf-536","0.05","avg","jointprior","finished","-","","","2026-04-04T02:20:18.000Z","241","","{'seed': 0, 'checkpoint_metric': 'val/loss/loss', 'log': {'wandb_entity': 'eso18-imperial-college-london', 'wandb_group': 'full_runs', 'wandb_run_name': '', 'wandb_project_name': 'mvvae_scMNC', 'wandb_log_freq': 50, 'wandb_offline': False, 'wandb_local_instance': True, 'dir_logs': '/rds/general/user/eso18/home/mmvmvae/run_scMNC/logs', 'downstream_logging_frequency': 1, 'coherence_logging_frequency': 1, 'img_plotting_frequency': 1, 'fid_logging_frequency': 50, 'val_freq': 1, 'debug': False, 'likelihood_logging_frequency': 1}, 'dataset': {'name': 'scMNC', 'num_workers': 8, 'num_views': 2, 'dir_data': '/rds/general/user/eso18/home/mmvmvae/data/scMNC', 'num_labels': 6, 'dir_clf': '/rds/general/user/eso18/home/mmvmvae/trained_classifiers/scMNC', 'n_clfs_outputs': 6, 'label_names': ['A', 'B', 'C', 'D', 'E', 'F']}, 'model': {'device': 'cuda', 'batch_size': 32, 'batch_size_eval': 64, 'lr': 0.001, 'epochs': 150, 'temp_annealing': 'cosine', 'seed': 5, 'latent_dim': 32, 'hidden_dim': 512, 'early_stop': True, 'beta_annealing': False, 'init_beta_value': 0.0, 'final_beta_value': 1.0, 'schedule': 'cyclical', 'beta_annealing_steps': 250000, 'beta_M': 20, 'beta_R': 0.5, 'use_resnets': True, 'name': 'jointprior', 'alpha_annealing': True, 'init_alpha_value': 1.0, 'final_alpha_value': 0.0, 'alpha_annealing_steps': 150000, 'cov_scalar': 0.9975, 'alpha_scalar': 0.05, 'beta': '', 'aggregation': 'avg'}, 'eval': {'num_samples_train': 10000, 'max_iteration': 10000, 'eval_downstream_task': True, 'coherence': True, 'path_inception_weights': '/rds/general/user/eso18/home/mmvmvae/utils/pt_inception-2015-12-05-6726825d.pth'}}","val/loss/loss","/rds/general/user/eso18/home/mmvmvae/trained_classifiers/scMNC","","/rds/general/user/eso18/home/mmvmvae/data/scMNC","","[""A"",""B"",""C"",""D"",""E"",""F""]","","6","scMNC","6","2","8","true","true","10000","10000","/rds/general/user/eso18/home/mmvmvae/utils/pt_inception-2015-12-05-6726825d.pth","1","false","/rds/general/user/eso18/home/mmvmvae/run_scMNC/logs","1","50","1","1","1","eso18-imperial-college-london","full_runs","true","50","false","mvvae_scMNC","","true","150000","32","64","","20","0.5","false","250000","0.9975","cuda","true","150","0","1","512","1","0","32","0.001","cyclical","5","cosine","true","0","","1","33","0.8991477489471436","0.8991477489471436","0.20596590638160703","0.7784090638160706","0.2769886255264282","0.8508522510528564","0.6548295617103577","0.6519886255264282","2297.976806640625","2297.84814453125","0.9602272510528564","0.8991477489471436","0.9602272510528564","0.8991477489471436","2296.367431640625","156.3021240234375","2361.2255859375","2204.92333984375","","-1255.9365234375","-28.42586898803711","-1255.9365234375","-948.9866943359376","3093","0.8991477489471436","0.8991477489471436","0.20596590638160703","0.7784090638160706","0.2769886255264282","0.8650568127632141","0.6860795617103577","0.6860795617103577","2297.976806640625","2290.134765625","0.9715909361839294","0.8991477489471436","0.9602272510528564","0.8991477489471436","2296.367431640625","148.2946319580078","2444.661865234375","2296.367431640625","","-1371.37060546875","-27.7072696685791","-1371.37060546875","-924.9965209960938","0.8991477489471436","0.8991477489471436","0.2556818127632141","0.7798295617103577","0.27414771914482117","0.8650568127632141","0.6704545617103577","0.671875","2289.92236328125","2290.134765625","0.9573863744735718","0.9048295617103576","0.9573863744735718","0.9048295617103576","2289.315185546875","2439.737060546875"
"summer-grass-535","0.8","avg","jointprior","finished","-","","","2026-04-04T02:18:03.000Z","315","","{'seed': 0, 'checkpoint_metric': 'val/loss/loss', 'log': {'wandb_entity': 'eso18-imperial-college-london', 'wandb_group': 'full_runs', 'wandb_run_name': '', 'wandb_project_name': 'mvvae_scMNC', 'wandb_log_freq': 50, 'wandb_offline': False, 'wandb_local_instance': True, 'dir_logs': '/rds/general/user/eso18/home/mmvmvae/run_scMNC/logs', 'downstream_logging_frequency': 1, 'coherence_logging_frequency': 1, 'img_plotting_frequency': 1, 'fid_logging_frequency': 50, 'val_freq': 1, 'debug': False, 'likelihood_logging_frequency': 1}, 'dataset': {'name': 'scMNC', 'num_workers': 8, 'num_views': 2, 'dir_data': '/rds/general/user/eso18/home/mmvmvae/data/scMNC', 'num_labels': 6, 'dir_clf': '/rds/general/user/eso18/home/mmvmvae/trained_classifiers/scMNC', 'n_clfs_outputs': 6, 'label_names': ['A', 'B', 'C', 'D', 'E', 'F']}, 'model': {'device': 'cuda', 'batch_size': 32, 'batch_size_eval': 64, 'lr': 0.001, 'epochs': 150, 'temp_annealing': 'cosine', 'seed': 4, 'latent_dim': 32, 'hidden_dim': 512, 'early_stop': True, 'beta_annealing': False, 'init_beta_value': 0.0, 'final_beta_value': 1.0, 'schedule': 'cyclical', 'beta_annealing_steps': 250000, 'beta_M': 20, 'beta_R': 0.5, 'use_resnets': True, 'name': 'jointprior', 'alpha_annealing': True, 'init_alpha_value': 1.0, 'final_alpha_value': 0.0, 'alpha_annealing_steps': 150000, 'cov_scalar': 0.36, 'alpha_scalar': 0.8, 'beta': '', 'aggregation': 'avg'}, 'eval': {'num_samples_train': 10000, 'max_iteration': 10000, 'eval_downstream_task': True, 'coherence': True, 'path_inception_weights': '/rds/general/user/eso18/home/mmvmvae/utils/pt_inception-2015-12-05-6726825d.pth'}}","val/loss/loss","/rds/general/user/eso18/home/mmvmvae/trained_classifiers/scMNC","","/rds/general/user/eso18/home/mmvmvae/data/scMNC","","[""A"",""B"",""C"",""D"",""E"",""F""]","","6","scMNC","6","2","8","true","true","10000","10000","/rds/general/user/eso18/home/mmvmvae/utils/pt_inception-2015-12-05-6726825d.pth","1","false","/rds/general/user/eso18/home/mmvmvae/run_scMNC/logs","1","50","1","1","1","eso18-imperial-college-london","full_runs","true","50","false","mvvae_scMNC","","true","150000","32","64","","20","0.5","false","250000","0.36","cuda","true","150","0","1","512","1","0","32","0.001","cyclical","4","cosine","true","0","","1","44","0.8934659361839294","0.8934659361839294","0.24573864042758944","0.7642045617103577","0.2755681872367859","0.8551136255264282","0.6775568127632141","0.6747159361839294","2264.261474609375","2265.679443359375","0.9616477489471436","0.8963068127632141","0.9616477489471436","0.8963068127632141","2263.4521484375","157.77369689941406","2479.00830078125","2321.234619140625","","-1341.5474853515625","-29.345462799072266","-1341.5474853515625","-979.68701171875","4094","0.8934659361839294","0.8934659361839294","0.24573864042758944","0.7642045617103577","0.2755681872367859","0.8849431872367859","0.7159090638160706","0.7144886255264282","2264.261474609375","2262.371337890625","0.9673295617103576","0.8963068127632141","0.9616477489471436","0.8963068127632141","2263.4521484375","157.76007080078125","2421.2119140625","2263.451904296875","","-1372.9010009765625","-26.675493240356445","-1372.9010009765625","-890.5509643554688","0.8948863744735718","0.8948863744735718","0.2613636255264282","0.7911931872367859","0.2954545319080353","0.8835227489471436","0.6875","0.6860795617103577","2262.775390625","2262.371337890625","0.9545454382896424","0.8991477489471436","0.9545454382896424","0.8991477489471436","2262.943603515625","2420.404052734375"
"royal-wind-534","0.7","avg","jointprior","finished","-","","","2026-04-04T02:13:07.000Z","249","","{'seed': 0, 'checkpoint_metric': 'val/loss/loss', 'log': {'wandb_entity': 'eso18-imperial-college-london', 'wandb_group': 'full_runs', 'wandb_run_name': '', 'wandb_project_name': 'mvvae_scMNC', 'wandb_log_freq': 50, 'wandb_offline': False, 'wandb_local_instance': True, 'dir_logs': '/rds/general/user/eso18/home/mmvmvae/run_scMNC/logs', 'downstream_logging_frequency': 1, 'coherence_logging_frequency': 1, 'img_plotting_frequency': 1, 'fid_logging_frequency': 50, 'val_freq': 1, 'debug': False, 'likelihood_logging_frequency': 1}, 'dataset': {'name': 'scMNC', 'num_workers': 8, 'num_views': 2, 'dir_data': '/rds/general/user/eso18/home/mmvmvae/data/scMNC', 'num_labels': 6, 'dir_clf': '/rds/general/user/eso18/home/mmvmvae/trained_classifiers/scMNC', 'n_clfs_outputs': 6, 'label_names': ['A', 'B', 'C', 'D', 'E', 'F']}, 'model': {'device': 'cuda', 'batch_size': 32, 'batch_size_eval': 64, 'lr': 0.001, 'epochs': 150, 'temp_annealing': 'cosine', 'seed': 4, 'latent_dim': 32, 'hidden_dim': 512, 'early_stop': True, 'beta_annealing': False, 'init_beta_value': 0.0, 'final_beta_value': 1.0, 'schedule': 'cyclical', 'beta_annealing_steps': 250000, 'beta_M': 20, 'beta_R': 0.5, 'use_resnets': True, 'name': 'jointprior', 'alpha_annealing': True, 'init_alpha_value': 1.0, 'final_alpha_value': 0.0, 'alpha_annealing_steps': 150000, 'cov_scalar': 0.51, 'alpha_scalar': 0.7, 'beta': '', 'aggregation': 'avg'}, 'eval': {'num_samples_train': 10000, 'max_iteration': 10000, 'eval_downstream_task': True, 'coherence': True, 'path_inception_weights': '/rds/general/user/eso18/home/mmvmvae/utils/pt_inception-2015-12-05-6726825d.pth'}}","val/loss/loss","/rds/general/user/eso18/home/mmvmvae/trained_classifiers/scMNC","","/rds/general/user/eso18/home/mmvmvae/data/scMNC","","[""A"",""B"",""C"",""D"",""E"",""F""]","","6","scMNC","6","2","8","true","true","10000","10000","/rds/general/user/eso18/home/mmvmvae/utils/pt_inception-2015-12-05-6726825d.pth","1","false","/rds/general/user/eso18/home/mmvmvae/run_scMNC/logs","1","50","1","1","1","eso18-imperial-college-london","full_runs","true","50","false","mvvae_scMNC","","true","150000","32","64","","20","0.5","false","250000","0.51","cuda","true","150","0","1","512","1","0","32","0.001","cyclical","4","cosine","true","0","","1","34","0.8821022510528564","0.8821022510528564","0.2826704680919647","0.7911931872367859","0.33522728085517883","0.8551136255264282","0.6988636255264282","0.6988636255264282","2276.285400390625","2276.625732421875","0.9602272510528564","0.9019886255264282","0.9602272510528564","0.9019886255264282","2275.542236328125","148.70004272460938","2389.54248046875","2240.842529296875","","-1299.4619140625","-28.19803237915039","-1299.4619140625","-941.3805541992188","3184","0.8821022510528564","0.8821022510528564","0.2826704680919647","0.7911931872367859","0.33522728085517883","0.8735795617103577","0.7102272510528564","0.7102272510528564","2276.285400390625","2274.643798828125","0.9659090638160706","0.9019886255264282","0.9602272510528564","0.9019886255264282","2275.542236328125","149.14584350585938","2424.687744140625","2275.542236328125","","-1368.721923828125","-27.162817001342773","-1368.721923828125","-906.8201293945312","0.8849431872367859","0.8849431872367859","0.27272728085517883","0.7940340638160706","0.3267045319080353","0.8579545617103577","0.7002840638160706","0.7002840638160706","2274.76220703125","2274.643798828125","0.9616477489471436","0.8963068127632141","0.9616477489471436","0.8963068127632141","2274.7265625","2420.622802734375"
"wise-snowflake-533","0.6","avg","jointprior","finished","-","","","2026-04-04T02:05:25.000Z","277","","{'seed': 0, 'checkpoint_metric': 'val/loss/loss', 'log': {'wandb_entity': 'eso18-imperial-college-london', 'wandb_group': 'full_runs', 'wandb_run_name': '', 'wandb_project_name': 'mvvae_scMNC', 'wandb_log_freq': 50, 'wandb_offline': False, 'wandb_local_instance': True, 'dir_logs': '/rds/general/user/eso18/home/mmvmvae/run_scMNC/logs', 'downstream_logging_frequency': 1, 'coherence_logging_frequency': 1, 'img_plotting_frequency': 1, 'fid_logging_frequency': 50, 'val_freq': 1, 'debug': False, 'likelihood_logging_frequency': 1}, 'dataset': {'name': 'scMNC', 'num_workers': 8, 'num_views': 2, 'dir_data': '/rds/general/user/eso18/home/mmvmvae/data/scMNC', 'num_labels': 6, 'dir_clf': '/rds/general/user/eso18/home/mmvmvae/trained_classifiers/scMNC', 'n_clfs_outputs': 6, 'label_names': ['A', 'B', 'C', 'D', 'E', 'F']}, 'model': {'device': 'cuda', 'batch_size': 32, 'batch_size_eval': 64, 'lr': 0.001, 'epochs': 150, 'temp_annealing': 'cosine', 'seed': 4, 'latent_dim': 32, 'hidden_dim': 512, 'early_stop': True, 'beta_annealing': False, 'init_beta_value': 0.0, 'final_beta_value': 1.0, 'schedule': 'cyclical', 'beta_annealing_steps': 250000, 'beta_M': 20, 'beta_R': 0.5, 'use_resnets': True, 'name': 'jointprior', 'alpha_annealing': True, 'init_alpha_value': 1.0, 'final_alpha_value': 0.0, 'alpha_annealing_steps': 150000, 'cov_scalar': 0.64, 'alpha_scalar': 0.6, 'beta': '', 'aggregation': 'avg'}, 'eval': {'num_samples_train': 10000, 'max_iteration': 10000, 'eval_downstream_task': True, 'coherence': True, 'path_inception_weights': '/rds/general/user/eso18/home/mmvmvae/utils/pt_inception-2015-12-05-6726825d.pth'}}","val/loss/loss","/rds/general/user/eso18/home/mmvmvae/trained_classifiers/scMNC","","/rds/general/user/eso18/home/mmvmvae/data/scMNC","","[""A"",""B"",""C"",""D"",""E"",""F""]","","6","scMNC","6","2","8","true","true","10000","10000","/rds/general/user/eso18/home/mmvmvae/utils/pt_inception-2015-12-05-6726825d.pth","1","false","/rds/general/user/eso18/home/mmvmvae/run_scMNC/logs","1","50","1","1","1","eso18-imperial-college-london","full_runs","true","50","false","mvvae_scMNC","","true","150000","32","64","","20","0.5","false","250000","0.64","cuda","true","150","0","1","512","1","0","32","0.001","cyclical","4","cosine","true","0","","1","38","0.8835227489471436","0.8835227489471436","0.28125","0.7713068127632141","0.3238636255264282","0.8451704382896423","0.6789772510528564","0.6775568127632141","2275.352294921875","2275.456787109375","0.9545454382896424","0.9034090638160706","0.9545454382896424","0.9034090638160706","2275.73291015625","147.52996826171875","2394.40625","2246.876220703125","","-1364.01416015625","-26.445173263549805","-1364.01416015625","-882.8619384765625","3548","0.8835227489471436","0.8835227489471436","0.28125","0.7713068127632141","0.3238636255264282","0.8707386255264282","0.7116477489471436","0.7144886255264282","2275.352294921875","2270.637451171875","0.9659090638160706","0.9034090638160706","0.9545454382896424","0.9034090638160706","2275.73291015625","146.22039794921875","2421.953369140625","2275.732666015625","","-1370.5277099609375","-27.11443519592285","-1370.5277099609375","-905.205078125","0.8863636255264282","0.8863636255264282","0.27272728085517883","0.7855113744735718","0.328125","0.859375","0.6761363744735718","0.6732954382896423","2273.359375","2273.9677734375","0.9602272510528564","0.9048295617103576","0.9602272510528564","0.9048295617103576","2269.321533203125","2414.94677734375"
"generous-galaxy-532","0.5","avg","jointprior","finished","-","","","2026-04-04T01:57:35.000Z","250","","{'seed': 0, 'checkpoint_metric': 'val/loss/loss', 'log': {'wandb_entity': 'eso18-imperial-college-london', 'wandb_group': 'full_runs', 'wandb_run_name': '', 'wandb_project_name': 'mvvae_scMNC', 'wandb_log_freq': 50, 'wandb_offline': False, 'wandb_local_instance': True, 'dir_logs': '/rds/general/user/eso18/home/mmvmvae/run_scMNC/logs', 'downstream_logging_frequency': 1, 'coherence_logging_frequency': 1, 'img_plotting_frequency': 1, 'fid_logging_frequency': 50, 'val_freq': 1, 'debug': False, 'likelihood_logging_frequency': 1}, 'dataset': {'name': 'scMNC', 'num_workers': 8, 'num_views': 2, 'dir_data': '/rds/general/user/eso18/home/mmvmvae/data/scMNC', 'num_labels': 6, 'dir_clf': '/rds/general/user/eso18/home/mmvmvae/trained_classifiers/scMNC', 'n_clfs_outputs': 6, 'label_names': ['A', 'B', 'C', 'D', 'E', 'F']}, 'model': {'device': 'cuda', 'batch_size': 32, 'batch_size_eval': 64, 'lr': 0.001, 'epochs': 150, 'temp_annealing': 'cosine', 'seed': 4, 'latent_dim': 32, 'hidden_dim': 512, 'early_stop': True, 'beta_annealing': False, 'init_beta_value': 0.0, 'final_beta_value': 1.0, 'schedule': 'cyclical', 'beta_annealing_steps': 250000, 'beta_M': 20, 'beta_R': 0.5, 'use_resnets': True, 'name': 'jointprior', 'alpha_annealing': True, 'init_alpha_value': 1.0, 'final_alpha_value': 0.0, 'alpha_annealing_steps': 150000, 'cov_scalar': 0.75, 'alpha_scalar': 0.5, 'beta': '', 'aggregation': 'avg'}, 'eval': {'num_samples_train': 10000, 'max_iteration': 10000, 'eval_downstream_task': True, 'coherence': True, 'path_inception_weights': '/rds/general/user/eso18/home/mmvmvae/utils/pt_inception-2015-12-05-6726825d.pth'}}","val/loss/loss","/rds/general/user/eso18/home/mmvmvae/trained_classifiers/scMNC","","/rds/general/user/eso18/home/mmvmvae/data/scMNC","","[""A"",""B"",""C"",""D"",""E"",""F""]","","6","scMNC","6","2","8","true","true","10000","10000","/rds/general/user/eso18/home/mmvmvae/utils/pt_inception-2015-12-05-6726825d.pth","1","false","/rds/general/user/eso18/home/mmvmvae/run_scMNC/logs","1","50","1","1","1","eso18-imperial-college-london","full_runs","true","50","false","mvvae_scMNC","","true","150000","32","64","","20","0.5","false","250000","0.75","cuda","true","150","0","1","512","1","0","32","0.001","cyclical","4","cosine","true","0","","1","34","0.8920454382896423","0.8920454382896423","0.28409090638160706","0.7670454382896423","0.2982954680919647","0.8707386255264282","0.6803977489471436","0.6818181872367859","2281.77783203125","2281.685791015625","0.9517045617103576","0.9048295617103576","0.9517045617103576","0.9048295617103576","2282.863037109375","148.43597412109375","2391.534912109375","2243.098876953125","","-1308.456298828125","-27.99620819091797","-1308.456298828125","-934.642578125","3184","0.8920454382896423","0.8920454382896423","0.28409090638160706","0.7670454382896423","0.2982954680919647","0.8707386255264282","0.7116477489471436","0.7116477489471436","2281.77783203125","2281.685791015625","0.9673295617103576","0.9048295617103576","0.9517045617103576","0.9048295617103576","2282.863037109375","144.96864318847656","2427.83154296875","2282.86279296875","","-1370.6934814453125","-27.323047637939453","-1370.6934814453125","-912.1693725585938","0.8863636255264282","0.8863636255264282","0.24289773404598236","0.8110795617103577","0.27840909361839294","0.8579545617103577","0.6747159361839294","0.6732954382896423","2283.47216796875","2283.807861328125","0.9673295617103576","0.8934659361839294","0.9673295617103576","0.8934659361839294","2284.135009765625","2427.041259765625"
"breezy-serenity-531","0.4","avg","jointprior","finished","-","","","2026-04-04T01:49:29.000Z","282","","{'seed': 0, 'checkpoint_metric': 'val/loss/loss', 'log': {'wandb_entity': 'eso18-imperial-college-london', 'wandb_group': 'full_runs', 'wandb_run_name': '', 'wandb_project_name': 'mvvae_scMNC', 'wandb_log_freq': 50, 'wandb_offline': False, 'wandb_local_instance': True, 'dir_logs': '/rds/general/user/eso18/home/mmvmvae/run_scMNC/logs', 'downstream_logging_frequency': 1, 'coherence_logging_frequency': 1, 'img_plotting_frequency': 1, 'fid_logging_frequency': 50, 'val_freq': 1, 'debug': False, 'likelihood_logging_frequency': 1}, 'dataset': {'name': 'scMNC', 'num_workers': 8, 'num_views': 2, 'dir_data': '/rds/general/user/eso18/home/mmvmvae/data/scMNC', 'num_labels': 6, 'dir_clf': '/rds/general/user/eso18/home/mmvmvae/trained_classifiers/scMNC', 'n_clfs_outputs': 6, 'label_names': ['A', 'B', 'C', 'D', 'E', 'F']}, 'model': {'device': 'cuda', 'batch_size': 32, 'batch_size_eval': 64, 'lr': 0.001, 'epochs': 150, 'temp_annealing': 'cosine', 'seed': 4, 'latent_dim': 32, 'hidden_dim': 512, 'early_stop': True, 'beta_annealing': False, 'init_beta_value': 0.0, 'final_beta_value': 1.0, 'schedule': 'cyclical', 'beta_annealing_steps': 250000, 'beta_M': 20, 'beta_R': 0.5, 'use_resnets': True, 'name': 'jointprior', 'alpha_annealing': True, 'init_alpha_value': 1.0, 'final_alpha_value': 0.0, 'alpha_annealing_steps': 150000, 'cov_scalar': 0.84, 'alpha_scalar': 0.4, 'beta': '', 'aggregation': 'avg'}, 'eval': {'num_samples_train': 10000, 'max_iteration': 10000, 'eval_downstream_task': True, 'coherence': True, 'path_inception_weights': '/rds/general/user/eso18/home/mmvmvae/utils/pt_inception-2015-12-05-6726825d.pth'}}","val/loss/loss","/rds/general/user/eso18/home/mmvmvae/trained_classifiers/scMNC","","/rds/general/user/eso18/home/mmvmvae/data/scMNC","","[""A"",""B"",""C"",""D"",""E"",""F""]","","6","scMNC","6","2","8","true","true","10000","10000","/rds/general/user/eso18/home/mmvmvae/utils/pt_inception-2015-12-05-6726825d.pth","1","false","/rds/general/user/eso18/home/mmvmvae/run_scMNC/logs","1","50","1","1","1","eso18-imperial-college-london","full_runs","true","50","false","mvvae_scMNC","","true","150000","32","64","","20","0.5","false","250000","0.84","cuda","true","150","0","1","512","1","0","32","0.001","cyclical","4","cosine","true","0","","1","38","0.8835227489471436","0.8835227489471436","0.22301135957241056","0.7911931872367859","0.2769886255264282","0.8607954382896423","0.6704545617103577","0.6732954382896423","2275.677001953125","2275.88427734375","0.9602272510528564","0.9019886255264282","0.9602272510528564","0.9019886255264282","2276.765380859375","148.60983276367188","2387.30810546875","2238.698486328125","","-1364.912109375","-26.173324584960938","-1364.912109375","-873.7864379882812","3548","0.8835227489471436","0.8835227489471436","0.22301135957241056","0.7911931872367859","0.2769886255264282","0.8693181872367859","0.7173295617103577","0.7173295617103577","2275.677001953125","2273.412109375","0.963068187236786","0.9019886255264282","0.9602272510528564","0.9019886255264282","2276.765380859375","146.031005859375","2422.796142578125","2276.76513671875","","-1370.10205078125","-27.158111572265625","-1370.10205078125","-906.6631469726562","0.8934659361839294","0.8934659361839294","0.23863635957241056","0.7997159361839294","0.2642045319080353","0.8551136255264282","0.6647727489471436","0.6647727489471436","2273.363037109375","2273.412109375","0.958806812763214","0.9105113744735718","0.958806812763214","0.9105113744735718","2271.208984375","2419.2265625"
"gallant-sea-530","0.3","avg","jointprior","finished","-","","","2026-04-03T10:44:30.000Z","284","","{'seed': 0, 'checkpoint_metric': 'val/loss/loss', 'log': {'wandb_entity': 'eso18-imperial-college-london', 'wandb_group': 'full_runs', 'wandb_run_name': '', 'wandb_project_name': 'mvvae_scMNC', 'wandb_log_freq': 50, 'wandb_offline': False, 'wandb_local_instance': True, 'dir_logs': '/rds/general/user/eso18/home/mmvmvae/run_scMNC/logs', 'downstream_logging_frequency': 1, 'coherence_logging_frequency': 1, 'img_plotting_frequency': 1, 'fid_logging_frequency': 50, 'val_freq': 1, 'debug': False, 'likelihood_logging_frequency': 1}, 'dataset': {'name': 'scMNC', 'num_workers': 8, 'num_views': 2, 'dir_data': '/rds/general/user/eso18/home/mmvmvae/data/scMNC', 'num_labels': 6, 'dir_clf': '/rds/general/user/eso18/home/mmvmvae/trained_classifiers/scMNC', 'n_clfs_outputs': 6, 'label_names': ['A', 'B', 'C', 'D', 'E', 'F']}, 'model': {'device': 'cuda', 'batch_size': 32, 'batch_size_eval': 64, 'lr': 0.001, 'epochs': 150, 'temp_annealing': 'cosine', 'seed': 4, 'latent_dim': 32, 'hidden_dim': 512, 'early_stop': True, 'beta_annealing': False, 'init_beta_value': 0.0, 'final_beta_value': 1.0, 'schedule': 'cyclical', 'beta_annealing_steps': 250000, 'beta_M': 20, 'beta_R': 0.5, 'use_resnets': True, 'name': 'jointprior', 'alpha_annealing': True, 'init_alpha_value': 1.0, 'final_alpha_value': 0.0, 'alpha_annealing_steps': 150000, 'cov_scalar': 0.91, 'alpha_scalar': 0.3, 'beta': '', 'aggregation': 'avg'}, 'eval': {'num_samples_train': 10000, 'max_iteration': 10000, 'eval_downstream_task': True, 'coherence': True, 'path_inception_weights': '/rds/general/user/eso18/home/mmvmvae/utils/pt_inception-2015-12-05-6726825d.pth'}}","val/loss/loss","/rds/general/user/eso18/home/mmvmvae/trained_classifiers/scMNC","","/rds/general/user/eso18/home/mmvmvae/data/scMNC","","[""A"",""B"",""C"",""D"",""E"",""F""]","","6","scMNC","6","2","8","true","true","10000","10000","/rds/general/user/eso18/home/mmvmvae/utils/pt_inception-2015-12-05-6726825d.pth","1","false","/rds/general/user/eso18/home/mmvmvae/run_scMNC/logs","1","50","1","1","1","eso18-imperial-college-london","full_runs","true","50","false","mvvae_scMNC","","true","150000","32","64","","20","0.5","false","250000","0.91","cuda","true","150","0","1","512","1","0","32","0.001","cyclical","4","cosine","true","0","","1","38","0.8877840638160706","0.8877840638160706","0.24715909361839297","0.8096590638160706","0.27414771914482117","0.8636363744735718","0.6661931872367859","0.6676136255264282","2274.646484375","2274.0859375","0.953125","0.9005681872367859","0.953125","0.9005681872367859","2275.799560546875","150.22726440429688","2387.8369140625","2237.60986328125","","-1363.2952880859375","-26.18914222717285","-1363.2952880859375","-874.314453125","3548","0.8877840638160706","0.8877840638160706","0.24715909361839297","0.8096590638160706","0.27414771914482117","0.8678977489471436","0.7116477489471436","0.7102272510528564","2274.646484375","2267.59912109375","0.9659090638160706","0.9005681872367859","0.953125","0.9005681872367859","2275.799560546875","148.95257568359375","2424.752197265625","2275.7998046875","","-1371.1436767578125","-27.097990036010746","-1371.1436767578125","-904.656005859375","0.890625","0.890625","0.21732954680919647","0.7769886255264282","0.2755681872367859","0.8551136255264282","0.671875","0.6747159361839294","2269.297607421875","2268.896484375","0.9517045617103576","0.90625","0.9517045617103576","0.90625","2266.960693359375","2416.98583984375"
"stoic-dawn-529","0.2","avg","jointprior","finished","-","","","2026-04-03T10:40:32.000Z","263","","{'seed': 0, 'checkpoint_metric': 'val/loss/loss', 'log': {'wandb_entity': 'eso18-imperial-college-london', 'wandb_group': 'full_runs', 'wandb_run_name': '', 'wandb_project_name': 'mvvae_scMNC', 'wandb_log_freq': 50, 'wandb_offline': False, 'wandb_local_instance': True, 'dir_logs': '/rds/general/user/eso18/home/mmvmvae/run_scMNC/logs', 'downstream_logging_frequency': 1, 'coherence_logging_frequency': 1, 'img_plotting_frequency': 1, 'fid_logging_frequency': 50, 'val_freq': 1, 'debug': False, 'likelihood_logging_frequency': 1}, 'dataset': {'name': 'scMNC', 'num_workers': 8, 'num_views': 2, 'dir_data': '/rds/general/user/eso18/home/mmvmvae/data/scMNC', 'num_labels': 6, 'dir_clf': '/rds/general/user/eso18/home/mmvmvae/trained_classifiers/scMNC', 'n_clfs_outputs': 6, 'label_names': ['A', 'B', 'C', 'D', 'E', 'F']}, 'model': {'device': 'cuda', 'batch_size': 32, 'batch_size_eval': 64, 'lr': 0.001, 'epochs': 150, 'temp_annealing': 'cosine', 'seed': 4, 'latent_dim': 32, 'hidden_dim': 512, 'early_stop': True, 'beta_annealing': False, 'init_beta_value': 0.0, 'final_beta_value': 1.0, 'schedule': 'cyclical', 'beta_annealing_steps': 250000, 'beta_M': 20, 'beta_R': 0.5, 'use_resnets': True, 'name': 'jointprior', 'alpha_annealing': True, 'init_alpha_value': 1.0, 'final_alpha_value': 0.0, 'alpha_annealing_steps': 150000, 'cov_scalar': 0.96, 'alpha_scalar': 0.2, 'beta': '', 'aggregation': 'avg'}, 'eval': {'num_samples_train': 10000, 'max_iteration': 10000, 'eval_downstream_task': True, 'coherence': True, 'path_inception_weights': '/rds/general/user/eso18/home/mmvmvae/utils/pt_inception-2015-12-05-6726825d.pth'}}","val/loss/loss","/rds/general/user/eso18/home/mmvmvae/trained_classifiers/scMNC","","/rds/general/user/eso18/home/mmvmvae/data/scMNC","","[""A"",""B"",""C"",""D"",""E"",""F""]","","6","scMNC","6","2","8","true","true","10000","10000","/rds/general/user/eso18/home/mmvmvae/utils/pt_inception-2015-12-05-6726825d.pth","1","false","/rds/general/user/eso18/home/mmvmvae/run_scMNC/logs","1","50","1","1","1","eso18-imperial-college-london","full_runs","true","50","false","mvvae_scMNC","","true","150000","32","64","","20","0.5","false","250000","0.96","cuda","true","150","0","1","512","1","0","32","0.001","cyclical","4","cosine","true","0","","1","38","0.8792613744735718","0.8792613744735718","0.23295454680919647","0.7869318127632141","0.2670454680919647","0.8607954382896423","0.6775568127632141","0.6775568127632141","2275.721923828125","2276.19775390625","0.963068187236786","0.9019886255264282","0.963068187236786","0.9019886255264282","2276.17822265625","152.6502685546875","2388.15673828125","2235.50634765625","","-1358.2747802734375","-26.27652359008789","-1358.2747802734375","-877.231689453125","3548","0.8792613744735718","0.8792613744735718","0.23295454680919647","0.7869318127632141","0.2670454680919647","0.8622159361839294","0.7144886255264282","0.7130681872367859","2275.721923828125","2270.21142578125","0.9673295617103576","0.9019886255264282","0.963068187236786","0.9019886255264282","2276.17822265625","149.48484802246094","2425.6630859375","2276.178466796875","","-1369.63037109375","-27.1546573638916","-1369.63037109375","-906.5479125976562","0.8934659361839294","0.8934659361839294","0.20596590638160703","0.7784090638160706","0.2443181872367859","0.8508522510528564","0.671875","0.671875","2273.56298828125","2273.6259765625","0.963068187236786","0.9133522510528564","0.963068187236786","0.9133522510528564","2271.93212890625","2421.539794921875"
"solar-wood-527","0.15","avg","jointprior","finished","-","","","2026-04-03T10:36:19.000Z","287","","{'seed': 0, 'checkpoint_metric': 'val/loss/loss', 'log': {'wandb_entity': 'eso18-imperial-college-london', 'wandb_group': 'full_runs', 'wandb_run_name': '', 'wandb_project_name': 'mvvae_scMNC', 'wandb_log_freq': 50, 'wandb_offline': False, 'wandb_local_instance': True, 'dir_logs': '/rds/general/user/eso18/home/mmvmvae/run_scMNC/logs', 'downstream_logging_frequency': 1, 'coherence_logging_frequency': 1, 'img_plotting_frequency': 1, 'fid_logging_frequency': 50, 'val_freq': 1, 'debug': False, 'likelihood_logging_frequency': 1}, 'dataset': {'name': 'scMNC', 'num_workers': 8, 'num_views': 2, 'dir_data': '/rds/general/user/eso18/home/mmvmvae/data/scMNC', 'num_labels': 6, 'dir_clf': '/rds/general/user/eso18/home/mmvmvae/trained_classifiers/scMNC', 'n_clfs_outputs': 6, 'label_names': ['A', 'B', 'C', 'D', 'E', 'F']}, 'model': {'device': 'cuda', 'batch_size': 32, 'batch_size_eval': 64, 'lr': 0.001, 'epochs': 150, 'temp_annealing': 'cosine', 'seed': 4, 'latent_dim': 32, 'hidden_dim': 512, 'early_stop': True, 'beta_annealing': False, 'init_beta_value': 0.0, 'final_beta_value': 1.0, 'schedule': 'cyclical', 'beta_annealing_steps': 250000, 'beta_M': 20, 'beta_R': 0.5, 'use_resnets': True, 'name': 'jointprior', 'alpha_annealing': True, 'init_alpha_value': 1.0, 'final_alpha_value': 0.0, 'alpha_annealing_steps': 150000, 'cov_scalar': 0.9775, 'alpha_scalar': 0.15, 'beta': '', 'aggregation': 'avg'}, 'eval': {'num_samples_train': 10000, 'max_iteration': 10000, 'eval_downstream_task': True, 'coherence': True, 'path_inception_weights': '/rds/general/user/eso18/home/mmvmvae/utils/pt_inception-2015-12-05-6726825d.pth'}}","val/loss/loss","/rds/general/user/eso18/home/mmvmvae/trained_classifiers/scMNC","","/rds/general/user/eso18/home/mmvmvae/data/scMNC","","[""A"",""B"",""C"",""D"",""E"",""F""]","","6","scMNC","6","2","8","true","true","10000","10000","/rds/general/user/eso18/home/mmvmvae/utils/pt_inception-2015-12-05-6726825d.pth","1","false","/rds/general/user/eso18/home/mmvmvae/run_scMNC/logs","1","50","1","1","1","eso18-imperial-college-london","full_runs","true","50","false","mvvae_scMNC","","true","150000","32","64","","20","0.5","false","250000","0.9775","cuda","true","150","0","1","512","1","0","32","0.001","cyclical","4","cosine","true","0","","1","38","0.875","0.875","0.2542613744735718","0.796875","0.2869318127632141","0.8536931872367859","0.6803977489471436","0.6803977489471436","2270.89892578125","2270.361328125","0.9545454382896424","0.8977272510528564","0.9545454382896424","0.8977272510528564","2270.579345703125","152.46986389160156","2376.665771484375","2224.196044921875","","-1357.6219482421875","-25.957286834716797","-1357.6219482421875","-866.5740356445312","3548","0.875","0.875","0.2542613744735718","0.796875","0.2869318127632141","0.8693181872367859","0.71875","0.7173295617103577","2270.89892578125","2268.446533203125","0.9715909361839294","0.8977272510528564","0.9545454382896424","0.8977272510528564","2270.579345703125","151.33973693847656","2421.9189453125","2270.5791015625","","-1369.54052734375","-26.989635467529297","-1369.54052734375","-901.0385131835938","0.8821022510528564","0.8821022510528564","0.22585226595401764","0.7940340638160706","0.25284090638160706","0.8465909361839294","0.6775568127632141","0.6747159361839294","2268.43359375","2268.446533203125","0.9602272510528564","0.9105113744735718","0.9602272510528564","0.9105113744735718","2266.839599609375","2417.69970703125"
"bright-durian-526","0.05","avg","jointprior","finished","-","","","2026-04-03T10:29:56.000Z","365","","{'seed': 0, 'checkpoint_metric': 'val/loss/loss', 'log': {'wandb_entity': 'eso18-imperial-college-london', 'wandb_group': 'full_runs', 'wandb_run_name': '', 'wandb_project_name': 'mvvae_scMNC', 'wandb_log_freq': 50, 'wandb_offline': False, 'wandb_local_instance': True, 'dir_logs': '/rds/general/user/eso18/home/mmvmvae/run_scMNC/logs', 'downstream_logging_frequency': 1, 'coherence_logging_frequency': 1, 'img_plotting_frequency': 1, 'fid_logging_frequency': 50, 'val_freq': 1, 'debug': False, 'likelihood_logging_frequency': 1}, 'dataset': {'name': 'scMNC', 'num_workers': 8, 'num_views': 2, 'dir_data': '/rds/general/user/eso18/home/mmvmvae/data/scMNC', 'num_labels': 6, 'dir_clf': '/rds/general/user/eso18/home/mmvmvae/trained_classifiers/scMNC', 'n_clfs_outputs': 6, 'label_names': ['A', 'B', 'C', 'D', 'E', 'F']}, 'model': {'device': 'cuda', 'batch_size': 32, 'batch_size_eval': 64, 'lr': 0.001, 'epochs': 150, 'temp_annealing': 'cosine', 'seed': 4, 'latent_dim': 32, 'hidden_dim': 512, 'early_stop': True, 'beta_annealing': False, 'init_beta_value': 0.0, 'final_beta_value': 1.0, 'schedule': 'cyclical', 'beta_annealing_steps': 250000, 'beta_M': 20, 'beta_R': 0.5, 'use_resnets': True, 'name': 'jointprior', 'alpha_annealing': True, 'init_alpha_value': 1.0, 'final_alpha_value': 0.0, 'alpha_annealing_steps': 150000, 'cov_scalar': 0.9975, 'alpha_scalar': 0.05, 'beta': '', 'aggregation': 'avg'}, 'eval': {'num_samples_train': 10000, 'max_iteration': 10000, 'eval_downstream_task': True, 'coherence': True, 'path_inception_weights': '/rds/general/user/eso18/home/mmvmvae/utils/pt_inception-2015-12-05-6726825d.pth'}}","val/loss/loss","/rds/general/user/eso18/home/mmvmvae/trained_classifiers/scMNC","","/rds/general/user/eso18/home/mmvmvae/data/scMNC","","[""A"",""B"",""C"",""D"",""E"",""F""]","","6","scMNC","6","2","8","true","true","10000","10000","/rds/general/user/eso18/home/mmvmvae/utils/pt_inception-2015-12-05-6726825d.pth","1","false","/rds/general/user/eso18/home/mmvmvae/run_scMNC/logs","1","50","1","1","1","eso18-imperial-college-london","full_runs","true","50","false","mvvae_scMNC","","true","150000","32","64","","20","0.5","false","250000","0.9975","cuda","true","150","0","1","512","1","0","32","0.001","cyclical","4","cosine","true","0","","1","52","0.8849431872367859","0.8863636255264282","0.296875","0.7755681872367859","0.3025568127632141","0.8664772510528564","0.6605113744735718","0.6590909361839294","2248.35693359375","2248.90478515625","0.953125","0.916193187236786","0.953125","0.916193187236786","2248.212890625","152.67227172851562","2356.62939453125","2203.957275390625","","-1276.1298828125","-27.79205894470215","-1276.1298828125","-927.8272705078124","4822","0.8849431872367859","0.8863636255264282","0.296875","0.7755681872367859","0.3025568127632141","0.8707386255264282","0.7102272510528564","0.7102272510528564","2248.35693359375","2247.635009765625","0.96875","0.916193187236786","0.953125","0.916193187236786","2248.212890625","153.50253295898438","2401.71533203125","2248.212890625","","-1375.83935546875","-26.131000518798828","-1375.83935546875","-872.3734741210938","0.8849431872367859","0.8849431872367859","0.25852271914482117","0.7613636255264282","0.28835228085517883","0.8650568127632141","0.6775568127632141","0.6789772510528564","2247.717041015625","2247.635009765625","0.9559659361839294","0.9076704382896424","0.9559659361839294","0.9076704382896424","2247.083984375","2400.0830078125"
"eternal-snowball-525","0.99","avg","jointprior","finished","-","","","2026-04-03T10:24:08.000Z","139","","{'seed': 0, 'checkpoint_metric': 'val/loss/loss', 'log': {'wandb_entity': 'eso18-imperial-college-london', 'wandb_group': 'full_runs', 'wandb_run_name': '', 'wandb_project_name': 'mvvae_scMNC', 'wandb_log_freq': 50, 'wandb_offline': False, 'wandb_local_instance': True, 'dir_logs': '/rds/general/user/eso18/home/mmvmvae/run_scMNC/logs', 'downstream_logging_frequency': 1, 'coherence_logging_frequency': 1, 'img_plotting_frequency': 1, 'fid_logging_frequency': 50, 'val_freq': 1, 'debug': False, 'likelihood_logging_frequency': 1}, 'dataset': {'name': 'scMNC', 'num_workers': 8, 'num_views': 2, 'dir_data': '/rds/general/user/eso18/home/mmvmvae/data/scMNC', 'num_labels': 6, 'dir_clf': '/rds/general/user/eso18/home/mmvmvae/trained_classifiers/scMNC', 'n_clfs_outputs': 6, 'label_names': ['A', 'B', 'C', 'D', 'E', 'F']}, 'model': {'device': 'cuda', 'batch_size': 32, 'batch_size_eval': 64, 'lr': 0.001, 'epochs': 150, 'temp_annealing': 'cosine', 'seed': 3, 'latent_dim': 32, 'hidden_dim': 512, 'early_stop': True, 'beta_annealing': False, 'init_beta_value': 0.0, 'final_beta_value': 1.0, 'schedule': 'cyclical', 'beta_annealing_steps': 250000, 'beta_M': 20, 'beta_R': 0.5, 'use_resnets': True, 'name': 'jointprior', 'alpha_annealing': True, 'init_alpha_value': 1.0, 'final_alpha_value': 0.0, 'alpha_annealing_steps': 150000, 'cov_scalar': 0.0199, 'alpha_scalar': 0.99, 'beta': '', 'aggregation': 'avg'}, 'eval': {'num_samples_train': 10000, 'max_iteration': 10000, 'eval_downstream_task': True, 'coherence': True, 'path_inception_weights': '/rds/general/user/eso18/home/mmvmvae/utils/pt_inception-2015-12-05-6726825d.pth'}}","val/loss/loss","/rds/general/user/eso18/home/mmvmvae/trained_classifiers/scMNC","","/rds/general/user/eso18/home/mmvmvae/data/scMNC","","[""A"",""B"",""C"",""D"",""E"",""F""]","","6","scMNC","6","2","8","true","true","10000","10000","/rds/general/user/eso18/home/mmvmvae/utils/pt_inception-2015-12-05-6726825d.pth","1","false","/rds/general/user/eso18/home/mmvmvae/run_scMNC/logs","1","50","1","1","1","eso18-imperial-college-london","full_runs","true","50","false","mvvae_scMNC","","true","150000","32","64","","20","0.5","false","250000","0.0199","cuda","true","150","0","1","512","1","0","32","0.001","cyclical","3","cosine","true","0","","1","18","0.8963068127632141","0.8963068127632141","0.09517045319080351","0.7514204382896423","0.24147726595401764","0.8849431872367859","0.6619318127632141","0.6605113744735718","2347.297607421875","2346.88720703125","0.974431812763214","0.9090909361839294","0.974431812763214","0.9090909361839294","2347.29638671875","296.51666259765625","2752.48583984375","2455.968994140625","","-1345.1265869140625","-33.27408218383789","-1345.1265869140625","-1110.8424072265625","1728","0.8963068127632141","0.8963068127632141","0.09517045319080351","0.7514204382896423","0.24147726595401764","0.8877840638160706","0.6860795617103577","0.6860795617103577","2347.297607421875","2341.77392578125","0.9758522510528564","0.9090909361839294","0.974431812763214","0.9090909361839294","2347.29638671875","303.32244873046875","2650.618896484375","2347.29638671875","","-1394.1973876953125","-28.549047470092773","-1394.1973876953125","-953.0991821289062","0.8892045617103577","0.8892045617103577","0.14346590638160706","0.7244318127632141","0.21164773404598236","0.8877840638160706","0.6860795617103577","0.6860795617103577","2341.59228515625","2341.77392578125","0.9701704382896424","0.9133522510528564","0.9701704382896424","0.9133522510528564","2343.046142578125","2636.422607421875"
"bumbling-paper-524","0.97","avg","jointprior","finished","-","","","2026-04-03T10:16:59.000Z","273","","{'seed': 0, 'checkpoint_metric': 'val/loss/loss', 'log': {'wandb_entity': 'eso18-imperial-college-london', 'wandb_group': 'full_runs', 'wandb_run_name': '', 'wandb_project_name': 'mvvae_scMNC', 'wandb_log_freq': 50, 'wandb_offline': False, 'wandb_local_instance': True, 'dir_logs': '/rds/general/user/eso18/home/mmvmvae/run_scMNC/logs', 'downstream_logging_frequency': 1, 'coherence_logging_frequency': 1, 'img_plotting_frequency': 1, 'fid_logging_frequency': 50, 'val_freq': 1, 'debug': False, 'likelihood_logging_frequency': 1}, 'dataset': {'name': 'scMNC', 'num_workers': 8, 'num_views': 2, 'dir_data': '/rds/general/user/eso18/home/mmvmvae/data/scMNC', 'num_labels': 6, 'dir_clf': '/rds/general/user/eso18/home/mmvmvae/trained_classifiers/scMNC', 'n_clfs_outputs': 6, 'label_names': ['A', 'B', 'C', 'D', 'E', 'F']}, 'model': {'device': 'cuda', 'batch_size': 32, 'batch_size_eval': 64, 'lr': 0.001, 'epochs': 150, 'temp_annealing': 'cosine', 'seed': 3, 'latent_dim': 32, 'hidden_dim': 512, 'early_stop': True, 'beta_annealing': False, 'init_beta_value': 0.0, 'final_beta_value': 1.0, 'schedule': 'cyclical', 'beta_annealing_steps': 250000, 'beta_M': 20, 'beta_R': 0.5, 'use_resnets': True, 'name': 'jointprior', 'alpha_annealing': True, 'init_alpha_value': 1.0, 'final_alpha_value': 0.0, 'alpha_annealing_steps': 150000, 'cov_scalar': 0.0591, 'alpha_scalar': 0.97, 'beta': '', 'aggregation': 'avg'}, 'eval': {'num_samples_train': 10000, 'max_iteration': 10000, 'eval_downstream_task': True, 'coherence': True, 'path_inception_weights': '/rds/general/user/eso18/home/mmvmvae/utils/pt_inception-2015-12-05-6726825d.pth'}}","val/loss/loss","/rds/general/user/eso18/home/mmvmvae/trained_classifiers/scMNC","","/rds/general/user/eso18/home/mmvmvae/data/scMNC","","[""A"",""B"",""C"",""D"",""E"",""F""]","","6","scMNC","6","2","8","true","true","10000","10000","/rds/general/user/eso18/home/mmvmvae/utils/pt_inception-2015-12-05-6726825d.pth","1","false","/rds/general/user/eso18/home/mmvmvae/run_scMNC/logs","1","50","1","1","1","eso18-imperial-college-london","full_runs","true","50","false","mvvae_scMNC","","true","150000","32","64","","20","0.5","false","250000","0.0591","cuda","true","150","0","1","512","1","0","32","0.001","cyclical","3","cosine","true","0","","1","40","0.9076704382896424","0.9076704382896424","0.08238636702299118","0.7457386255264282","0.16051135957241058","0.8806818127632141","0.6747159361839294","0.671875","2277.2646484375","2277.7548828125","0.9644886255264282","0.9090909361839294","0.9644886255264282","0.9090909361839294","2277.471923828125","226.6584625244141","2539.034423828125","2312.3759765625","","-1339.9971923828125","-29.12655258178711","-1339.9971923828125","-972.3787841796876","3730","0.9076704382896424","0.9076704382896424","0.08238636702299118","0.7457386255264282","0.16051135957241058","0.8920454382896423","0.6931818127632141","0.6917613744735718","2277.2646484375","2274.498779296875","0.9815340638160706","0.9090909361839294","0.9644886255264282","0.9090909361839294","2277.471923828125","243.3061981201172","2520.778076171875","2277.471923828125","","-1379.5986328125","-26.89482307434082","-1379.5986328125","-897.873291015625","0.90625","0.90625","0.09943182021379472","0.7386363744735718","0.1505681872367859","0.8735795617103577","0.6690340638160706","0.6690340638160706","2274.721923828125","2274.498779296875","0.96875","0.911931812763214","0.96875","0.911931812763214","2274.315185546875","2515.835693359375"
"woven-mountain-523","0.95","avg","jointprior","finished","-","","","2026-04-03T10:10:21.000Z","232","","{'seed': 0, 'checkpoint_metric': 'val/loss/loss', 'log': {'wandb_entity': 'eso18-imperial-college-london', 'wandb_group': 'full_runs', 'wandb_run_name': '', 'wandb_project_name': 'mvvae_scMNC', 'wandb_log_freq': 50, 'wandb_offline': False, 'wandb_local_instance': True, 'dir_logs': '/rds/general/user/eso18/home/mmvmvae/run_scMNC/logs', 'downstream_logging_frequency': 1, 'coherence_logging_frequency': 1, 'img_plotting_frequency': 1, 'fid_logging_frequency': 50, 'val_freq': 1, 'debug': False, 'likelihood_logging_frequency': 1}, 'dataset': {'name': 'scMNC', 'num_workers': 8, 'num_views': 2, 'dir_data': '/rds/general/user/eso18/home/mmvmvae/data/scMNC', 'num_labels': 6, 'dir_clf': '/rds/general/user/eso18/home/mmvmvae/trained_classifiers/scMNC', 'n_clfs_outputs': 6, 'label_names': ['A', 'B', 'C', 'D', 'E', 'F']}, 'model': {'device': 'cuda', 'batch_size': 32, 'batch_size_eval': 64, 'lr': 0.001, 'epochs': 150, 'temp_annealing': 'cosine', 'seed': 3, 'latent_dim': 32, 'hidden_dim': 512, 'early_stop': True, 'beta_annealing': False, 'init_beta_value': 0.0, 'final_beta_value': 1.0, 'schedule': 'cyclical', 'beta_annealing_steps': 250000, 'beta_M': 20, 'beta_R': 0.5, 'use_resnets': True, 'name': 'jointprior', 'alpha_annealing': True, 'init_alpha_value': 1.0, 'final_alpha_value': 0.0, 'alpha_annealing_steps': 150000, 'cov_scalar': 0.0975, 'alpha_scalar': 0.95, 'beta': '', 'aggregation': 'avg'}, 'eval': {'num_samples_train': 10000, 'max_iteration': 10000, 'eval_downstream_task': True, 'coherence': True, 'path_inception_weights': '/rds/general/user/eso18/home/mmvmvae/utils/pt_inception-2015-12-05-6726825d.pth'}}","val/loss/loss","/rds/general/user/eso18/home/mmvmvae/trained_classifiers/scMNC","","/rds/general/user/eso18/home/mmvmvae/data/scMNC","","[""A"",""B"",""C"",""D"",""E"",""F""]","","6","scMNC","6","2","8","true","true","10000","10000","/rds/general/user/eso18/home/mmvmvae/utils/pt_inception-2015-12-05-6726825d.pth","1","false","/rds/general/user/eso18/home/mmvmvae/run_scMNC/logs","1","50","1","1","1","eso18-imperial-college-london","full_runs","true","50","false","mvvae_scMNC","","true","150000","32","64","","20","0.5","false","250000","0.0975","cuda","true","150","0","1","512","1","0","32","0.001","cyclical","3","cosine","true","0","","1","31","0.9034090638160706","0.9034090638160706","0.09801136702299118","0.7144886255264282","0.14772726595401764","0.8892045617103577","0.6747159361839294","0.6747159361839294","2289.683349609375","2288.11376953125","0.9659090638160706","0.9133522510528564","0.9659090638160706","0.9133522510528564","2290.643798828125","203.1135406494141","2472.103515625","2268.989990234375","","-1323.51025390625","-28.320817947387695","-1323.51025390625","-945.4796142578124","2911","0.9034090638160706","0.9034090638160706","0.09801136702299118","0.7144886255264282","0.14772726595401764","0.8920454382896423","0.6846590638160706","0.6832386255264282","2289.683349609375","2288.11376953125","0.9758522510528564","0.9133522510528564","0.9659090638160706","0.9133522510528564","2290.643798828125","215.70965576171875","2506.353271484375","2290.643798828125","","-1378.0972900390625","-27.334348678588867","-1378.0972900390625","-912.5468139648438","0.8821022510528564","0.8821022510528564","0.11931817978620528","0.734375","0.1505681872367859","0.8735795617103577","0.6661931872367859","0.6661931872367859","2291.564697265625","2291.43017578125","0.9616477489471436","0.9190340638160706","0.9616477489471436","0.9190340638160706","2291.81787109375","2505.58740234375"
"true-night-522","0.93","avg","jointprior","finished","-","","","2026-04-03T10:04:04.000Z","229","","{'seed': 0, 'checkpoint_metric': 'val/loss/loss', 'log': {'wandb_entity': 'eso18-imperial-college-london', 'wandb_group': 'full_runs', 'wandb_run_name': '', 'wandb_project_name': 'mvvae_scMNC', 'wandb_log_freq': 50, 'wandb_offline': False, 'wandb_local_instance': True, 'dir_logs': '/rds/general/user/eso18/home/mmvmvae/run_scMNC/logs', 'downstream_logging_frequency': 1, 'coherence_logging_frequency': 1, 'img_plotting_frequency': 1, 'fid_logging_frequency': 50, 'val_freq': 1, 'debug': False, 'likelihood_logging_frequency': 1}, 'dataset': {'name': 'scMNC', 'num_workers': 8, 'num_views': 2, 'dir_data': '/rds/general/user/eso18/home/mmvmvae/data/scMNC', 'num_labels': 6, 'dir_clf': '/rds/general/user/eso18/home/mmvmvae/trained_classifiers/scMNC', 'n_clfs_outputs': 6, 'label_names': ['A', 'B', 'C', 'D', 'E', 'F']}, 'model': {'device': 'cuda', 'batch_size': 32, 'batch_size_eval': 64, 'lr': 0.001, 'epochs': 150, 'temp_annealing': 'cosine', 'seed': 3, 'latent_dim': 32, 'hidden_dim': 512, 'early_stop': True, 'beta_annealing': False, 'init_beta_value': 0.0, 'final_beta_value': 1.0, 'schedule': 'cyclical', 'beta_annealing_steps': 250000, 'beta_M': 20, 'beta_R': 0.5, 'use_resnets': True, 'name': 'jointprior', 'alpha_annealing': True, 'init_alpha_value': 1.0, 'final_alpha_value': 0.0, 'alpha_annealing_steps': 150000, 'cov_scalar': 0.1351, 'alpha_scalar': 0.93, 'beta': '', 'aggregation': 'avg'}, 'eval': {'num_samples_train': 10000, 'max_iteration': 10000, 'eval_downstream_task': True, 'coherence': True, 'path_inception_weights': '/rds/general/user/eso18/home/mmvmvae/utils/pt_inception-2015-12-05-6726825d.pth'}}","val/loss/loss","/rds/general/user/eso18/home/mmvmvae/trained_classifiers/scMNC","","/rds/general/user/eso18/home/mmvmvae/data/scMNC","","[""A"",""B"",""C"",""D"",""E"",""F""]","","6","scMNC","6","2","8","true","true","10000","10000","/rds/general/user/eso18/home/mmvmvae/utils/pt_inception-2015-12-05-6726825d.pth","1","false","/rds/general/user/eso18/home/mmvmvae/run_scMNC/logs","1","50","1","1","1","eso18-imperial-college-london","full_runs","true","50","false","mvvae_scMNC","","true","150000","32","64","","20","0.5","false","250000","0.1351","cuda","true","150","0","1","512","1","0","32","0.001","cyclical","3","cosine","true","0","","1","30","0.9034090638160706","0.9019886255264282","0.08806817978620529","0.71875","0.10795454680919649","0.8821022510528564","0.6803977489471436","0.6803977489471436","2291.43359375","2291.138671875","0.9701704382896424","0.9133522510528564","0.9701704382896424","0.9133522510528564","2293.145751953125","192.0353240966797","2379.056396484375","2187.021240234375","","-1256.2684326171875","-27.879688262939453","-1256.2684326171875","-930.7527465820312","2820","0.9034090638160706","0.9019886255264282","0.08806817978620529","0.71875","0.10795454680919649","0.8892045617103577","0.6903409361839294","0.6903409361839294","2291.43359375","2290.130126953125","0.978693187236786","0.9133522510528564","0.9701704382896424","0.9133522510528564","2293.145751953125","198.66844177246097","2491.814208984375","2293.1455078125","","-1378.2088623046875","-27.40593910217285","-1378.2088623046875","-914.9369506835938","0.90625","0.90625","0.08806817978620529","0.7727272510528564","0.125","0.8792613744735718","0.6803977489471436","0.6789772510528564","2291.654296875","2292.13916015625","0.974431812763214","0.9019886255264282","0.974431812763214","0.9019886255264282","2291.67626953125","2488.461669921875"
"quiet-butterfly-521","0.9","avg","jointprior","finished","-","","","2026-04-01T03:27:47.000Z","215","","{'seed': 0, 'checkpoint_metric': 'val/loss/loss', 'log': {'wandb_entity': 'eso18-imperial-college-london', 'wandb_group': 'full_runs', 'wandb_run_name': '', 'wandb_project_name': 'mvvae_scMNC', 'wandb_log_freq': 50, 'wandb_offline': False, 'wandb_local_instance': True, 'dir_logs': '/rds/general/user/eso18/home/mmvmvae/run_scMNC/logs', 'downstream_logging_frequency': 1, 'coherence_logging_frequency': 1, 'img_plotting_frequency': 1, 'fid_logging_frequency': 50, 'val_freq': 1, 'debug': False, 'likelihood_logging_frequency': 1}, 'dataset': {'name': 'scMNC', 'num_workers': 8, 'num_views': 2, 'dir_data': '/rds/general/user/eso18/home/mmvmvae/data/scMNC', 'num_labels': 6, 'dir_clf': '/rds/general/user/eso18/home/mmvmvae/trained_classifiers/scMNC', 'n_clfs_outputs': 6, 'label_names': ['A', 'B', 'C', 'D', 'E', 'F']}, 'model': {'device': 'cuda', 'batch_size': 32, 'batch_size_eval': 64, 'lr': 0.001, 'epochs': 150, 'temp_annealing': 'cosine', 'seed': 3, 'latent_dim': 32, 'hidden_dim': 512, 'early_stop': True, 'beta_annealing': False, 'init_beta_value': 0.0, 'final_beta_value': 1.0, 'schedule': 'cyclical', 'beta_annealing_steps': 250000, 'beta_M': 20, 'beta_R': 0.5, 'use_resnets': True, 'name': 'jointprior', 'alpha_annealing': True, 'init_alpha_value': 1.0, 'final_alpha_value': 0.0, 'alpha_annealing_steps': 150000, 'cov_scalar': 0.19, 'alpha_scalar': 0.9, 'beta': '', 'aggregation': 'avg'}, 'eval': {'num_samples_train': 10000, 'max_iteration': 10000, 'eval_downstream_task': True, 'coherence': True, 'path_inception_weights': '/rds/general/user/eso18/home/mmvmvae/utils/pt_inception-2015-12-05-6726825d.pth'}}","val/loss/loss","/rds/general/user/eso18/home/mmvmvae/trained_classifiers/scMNC","","/rds/general/user/eso18/home/mmvmvae/data/scMNC","","[""A"",""B"",""C"",""D"",""E"",""F""]","","6","scMNC","6","2","8","true","true","10000","10000","/rds/general/user/eso18/home/mmvmvae/utils/pt_inception-2015-12-05-6726825d.pth","1","false","/rds/general/user/eso18/home/mmvmvae/run_scMNC/logs","1","50","1","1","1","eso18-imperial-college-london","full_runs","true","50","false","mvvae_scMNC","","true","150000","32","64","","20","0.5","false","250000","0.19","cuda","true","150","0","1","512","1","0","32","0.001","cyclical","3","cosine","true","0","","1","30","0.9076704382896424","0.9076704382896424","0.10511363297700882","0.7315340638160706","0.11647727340459824","0.8806818127632141","0.6832386255264282","0.6832386255264282","2295.907470703125","2295.825439453125","0.9701704382896424","0.9147727489471436","0.9701704382896424","0.9147727489471436","2297.61572265625","177.13299560546875","2365.2802734375","2188.147216796875","","-1252.15380859375","-28.036670684814453","-1252.15380859375","-935.9935302734376","2820","0.9076704382896424","0.9076704382896424","0.10511363297700882","0.7315340638160706","0.11647727340459824","0.8877840638160706","0.6889204382896423","0.6903409361839294","2295.907470703125","2290.989501953125","0.9772727489471436","0.9147727489471436","0.9701704382896424","0.9147727489471436","2297.61572265625","184.8696746826172","2482.4853515625","2297.615478515625","","-1379.7598876953125","-27.493371963500977","-1379.7598876953125","-917.8556518554688","0.9048295617103576","0.9048295617103576","0.10653409361839294","0.7897727489471436","0.11079545319080351","0.8821022510528564","0.6803977489471436","0.6803977489471436","2290.607421875","2290.989501953125","0.9616477489471436","0.9090909361839294","0.9616477489471436","0.9090909361839294","2289.91455078125","2472.523193359375"
"ethereal-silence-520","0.8","avg","jointprior","finished","-","","","2026-04-01T03:27:14.000Z","225","","{'seed': 0, 'checkpoint_metric': 'val/loss/loss', 'log': {'wandb_entity': 'eso18-imperial-college-london', 'wandb_group': 'full_runs', 'wandb_run_name': '', 'wandb_project_name': 'mvvae_scMNC', 'wandb_log_freq': 50, 'wandb_offline': False, 'wandb_local_instance': True, 'dir_logs': '/rds/general/user/eso18/home/mmvmvae/run_scMNC/logs', 'downstream_logging_frequency': 1, 'coherence_logging_frequency': 1, 'img_plotting_frequency': 1, 'fid_logging_frequency': 50, 'val_freq': 1, 'debug': False, 'likelihood_logging_frequency': 1}, 'dataset': {'name': 'scMNC', 'num_workers': 8, 'num_views': 2, 'dir_data': '/rds/general/user/eso18/home/mmvmvae/data/scMNC', 'num_labels': 6, 'dir_clf': '/rds/general/user/eso18/home/mmvmvae/trained_classifiers/scMNC', 'n_clfs_outputs': 6, 'label_names': ['A', 'B', 'C', 'D', 'E', 'F']}, 'model': {'device': 'cuda', 'batch_size': 32, 'batch_size_eval': 64, 'lr': 0.001, 'epochs': 150, 'temp_annealing': 'cosine', 'seed': 3, 'latent_dim': 32, 'hidden_dim': 512, 'early_stop': True, 'beta_annealing': False, 'init_beta_value': 0.0, 'final_beta_value': 1.0, 'schedule': 'cyclical', 'beta_annealing_steps': 250000, 'beta_M': 20, 'beta_R': 0.5, 'use_resnets': True, 'name': 'jointprior', 'alpha_annealing': True, 'init_alpha_value': 1.0, 'final_alpha_value': 0.0, 'alpha_annealing_steps': 150000, 'cov_scalar': 0.36, 'alpha_scalar': 0.8, 'beta': '', 'aggregation': 'avg'}, 'eval': {'num_samples_train': 10000, 'max_iteration': 10000, 'eval_downstream_task': True, 'coherence': True, 'path_inception_weights': '/rds/general/user/eso18/home/mmvmvae/utils/pt_inception-2015-12-05-6726825d.pth'}}","val/loss/loss","/rds/general/user/eso18/home/mmvmvae/trained_classifiers/scMNC","","/rds/general/user/eso18/home/mmvmvae/data/scMNC","","[""A"",""B"",""C"",""D"",""E"",""F""]","","6","scMNC","6","2","8","true","true","10000","10000","/rds/general/user/eso18/home/mmvmvae/utils/pt_inception-2015-12-05-6726825d.pth","1","false","/rds/general/user/eso18/home/mmvmvae/run_scMNC/logs","1","50","1","1","1","eso18-imperial-college-london","full_runs","true","50","false","mvvae_scMNC","","true","150000","32","64","","20","0.5","false","250000","0.36","cuda","true","150","0","1","512","1","0","32","0.001","cyclical","3","cosine","true","0","","1","31","0.8934659361839294","0.8934659361839294","0.16477273404598236","0.7954545617103577","0.1931818127632141","0.8735795617103577","0.6704545617103577","0.671875","2293.534423828125","2293.251953125","0.963068187236786","0.916193187236786","0.963068187236786","0.916193187236786","2294.02734375","155.51837158203125","2430.95654296875","2275.4384765625","","-1315.734375","-28.746891021728516","-1315.734375","-959.7039184570312","2911","0.8934659361839294","0.8934659361839294","0.16477273404598236","0.7954545617103577","0.1931818127632141","0.8806818127632141","0.6931818127632141","0.6931818127632141","2293.534423828125","2291.979736328125","0.9772727489471436","0.916193187236786","0.963068187236786","0.916193187236786","2294.02734375","156.7386932373047","2450.76611328125","2294.027587890625","","-1375.801025390625","-27.504474639892575","-1375.801025390625","-918.226318359375","0.8948863744735718","0.8948863744735718","0.17329545319080353","0.796875","0.17897726595401764","0.8721590638160706","0.6803977489471436","0.6818181872367859","2292.43310546875","2291.979736328125","0.9715909361839294","0.9076704382896424","0.9715909361839294","0.9076704382896424","2290.617919921875","2447.726806640625"
"deft-yogurt-519","0.7","avg","jointprior","finished","-","","","2026-04-01T03:20:50.000Z","279","","{'seed': 0, 'checkpoint_metric': 'val/loss/loss', 'log': {'wandb_entity': 'eso18-imperial-college-london', 'wandb_group': 'full_runs', 'wandb_run_name': '', 'wandb_project_name': 'mvvae_scMNC', 'wandb_log_freq': 50, 'wandb_offline': False, 'wandb_local_instance': True, 'dir_logs': '/rds/general/user/eso18/home/mmvmvae/run_scMNC/logs', 'downstream_logging_frequency': 1, 'coherence_logging_frequency': 1, 'img_plotting_frequency': 1, 'fid_logging_frequency': 50, 'val_freq': 1, 'debug': False, 'likelihood_logging_frequency': 1}, 'dataset': {'name': 'scMNC', 'num_workers': 8, 'num_views': 2, 'dir_data': '/rds/general/user/eso18/home/mmvmvae/data/scMNC', 'num_labels': 6, 'dir_clf': '/rds/general/user/eso18/home/mmvmvae/trained_classifiers/scMNC', 'n_clfs_outputs': 6, 'label_names': ['A', 'B', 'C', 'D', 'E', 'F']}, 'model': {'device': 'cuda', 'batch_size': 32, 'batch_size_eval': 64, 'lr': 0.001, 'epochs': 150, 'temp_annealing': 'cosine', 'seed': 3, 'latent_dim': 32, 'hidden_dim': 512, 'early_stop': True, 'beta_annealing': False, 'init_beta_value': 0.0, 'final_beta_value': 1.0, 'schedule': 'cyclical', 'beta_annealing_steps': 250000, 'beta_M': 20, 'beta_R': 0.5, 'use_resnets': True, 'name': 'jointprior', 'alpha_annealing': True, 'init_alpha_value': 1.0, 'final_alpha_value': 0.0, 'alpha_annealing_steps': 150000, 'cov_scalar': 0.51, 'alpha_scalar': 0.7, 'beta': '', 'aggregation': 'avg'}, 'eval': {'num_samples_train': 10000, 'max_iteration': 10000, 'eval_downstream_task': True, 'coherence': True, 'path_inception_weights': '/rds/general/user/eso18/home/mmvmvae/utils/pt_inception-2015-12-05-6726825d.pth'}}","val/loss/loss","/rds/general/user/eso18/home/mmvmvae/trained_classifiers/scMNC","","/rds/general/user/eso18/home/mmvmvae/data/scMNC","","[""A"",""B"",""C"",""D"",""E"",""F""]","","6","scMNC","6","2","8","true","true","10000","10000","/rds/general/user/eso18/home/mmvmvae/utils/pt_inception-2015-12-05-6726825d.pth","1","false","/rds/general/user/eso18/home/mmvmvae/run_scMNC/logs","1","50","1","1","1","eso18-imperial-college-london","full_runs","true","50","false","mvvae_scMNC","","true","150000","32","64","","20","0.5","false","250000","0.51","cuda","true","150","0","1","512","1","0","32","0.001","cyclical","3","cosine","true","0","","1","39","0.90625","0.90625","0.18039773404598236","0.7926136255264282","0.2286931872367859","0.875","0.6676136255264282","0.6676136255264282","2284.274658203125","2285.262451171875","0.9730113744735718","0.916193187236786","0.9730113744735718","0.916193187236786","2284.510009765625","149.32818603515625","2527.736083984375","2378.407958984375","","-1393.8753662109375","-29.49060440063477","-1393.8753662109375","-984.5325927734376","3639","0.90625","0.90625","0.18039773404598236","0.7926136255264282","0.2286931872367859","0.8892045617103577","0.6974431872367859","0.6974431872367859","2284.274658203125","2281.928955078125","0.974431812763214","0.916193187236786","0.9730113744735718","0.916193187236786","2284.510009765625","149.86294555664062","2434.372802734375","2284.510009765625","","-1377.3865966796875","-27.171894073486328","-1377.3865966796875","-907.1231079101562","0.9019886255264282","0.9019886255264282","0.203125","0.7727272510528564","0.23579545319080353","0.8892045617103577","0.6732954382896423","0.6747159361839294","2282.36376953125","2282.12939453125","0.9659090638160706","0.911931812763214","0.9659090638160706","0.911931812763214","2280.368896484375","2430.0517578125"
"breezy-bee-518","0.6","avg","jointprior","finished","-","","","2026-04-01T03:18:55.000Z","332","","{'seed': 0, 'checkpoint_metric': 'val/loss/loss', 'log': {'wandb_entity': 'eso18-imperial-college-london', 'wandb_group': 'full_runs', 'wandb_run_name': '', 'wandb_project_name': 'mvvae_scMNC', 'wandb_log_freq': 50, 'wandb_offline': False, 'wandb_local_instance': True, 'dir_logs': '/rds/general/user/eso18/home/mmvmvae/run_scMNC/logs', 'downstream_logging_frequency': 1, 'coherence_logging_frequency': 1, 'img_plotting_frequency': 1, 'fid_logging_frequency': 50, 'val_freq': 1, 'debug': False, 'likelihood_logging_frequency': 1}, 'dataset': {'name': 'scMNC', 'num_workers': 8, 'num_views': 2, 'dir_data': '/rds/general/user/eso18/home/mmvmvae/data/scMNC', 'num_labels': 6, 'dir_clf': '/rds/general/user/eso18/home/mmvmvae/trained_classifiers/scMNC', 'n_clfs_outputs': 6, 'label_names': ['A', 'B', 'C', 'D', 'E', 'F']}, 'model': {'device': 'cuda', 'batch_size': 32, 'batch_size_eval': 64, 'lr': 0.001, 'epochs': 150, 'temp_annealing': 'cosine', 'seed': 3, 'latent_dim': 32, 'hidden_dim': 512, 'early_stop': True, 'beta_annealing': False, 'init_beta_value': 0.0, 'final_beta_value': 1.0, 'schedule': 'cyclical', 'beta_annealing_steps': 250000, 'beta_M': 20, 'beta_R': 0.5, 'use_resnets': True, 'name': 'jointprior', 'alpha_annealing': True, 'init_alpha_value': 1.0, 'final_alpha_value': 0.0, 'alpha_annealing_steps': 150000, 'cov_scalar': 0.64, 'alpha_scalar': 0.6, 'beta': '', 'aggregation': 'avg'}, 'eval': {'num_samples_train': 10000, 'max_iteration': 10000, 'eval_downstream_task': True, 'coherence': True, 'path_inception_weights': '/rds/general/user/eso18/home/mmvmvae/utils/pt_inception-2015-12-05-6726825d.pth'}}","val/loss/loss","/rds/general/user/eso18/home/mmvmvae/trained_classifiers/scMNC","","/rds/general/user/eso18/home/mmvmvae/data/scMNC","","[""A"",""B"",""C"",""D"",""E"",""F""]","","6","scMNC","6","2","8","true","true","10000","10000","/rds/general/user/eso18/home/mmvmvae/utils/pt_inception-2015-12-05-6726825d.pth","1","false","/rds/general/user/eso18/home/mmvmvae/run_scMNC/logs","1","50","1","1","1","eso18-imperial-college-london","full_runs","true","50","false","mvvae_scMNC","","true","150000","32","64","","20","0.5","false","250000","0.64","cuda","true","150","0","1","512","1","0","32","0.001","cyclical","3","cosine","true","0","","1","49","0.8977272510528564","0.8977272510528564","0.18465909361839297","0.7798295617103577","0.24289773404598236","0.8764204382896423","0.6676136255264282","0.6732954382896423","2273.83837890625","2273.79541015625","0.9701704382896424","0.9090909361839294","0.9701704382896424","0.9090909361839294","2274.167236328125","144.8761749267578","2354.6884765625","2209.81201171875","","-1282.974609375","-27.762413024902344","-1282.974609375","-926.8375244140624","4549","0.8977272510528564","0.8977272510528564","0.18465909361839297","0.7798295617103577","0.24289773404598236","0.8877840638160706","0.6974431872367859","0.6946022510528564","2273.83837890625","2273.79541015625","0.9772727489471436","0.9090909361839294","0.9701704382896424","0.9090909361839294","2274.167236328125","145.19480895996094","2419.36181640625","2274.167236328125","","-1380.13037109375","-26.779905319213867","-1380.13037109375","-894.0366821289062","0.9090909361839294","0.9090909361839294","0.20028409361839297","0.7755681872367859","0.24715909361839297","0.8693181872367859","0.6704545617103577","0.6704545617103577","2273.9990234375","2273.84765625","0.96875","0.9133522510528564","0.96875","0.9133522510528564","2273.017333984375","2418.301025390625"
"usual-glade-517","0.5","avg","jointprior","finished","-","","","2026-04-01T03:14:54.000Z","222","","{'seed': 0, 'checkpoint_metric': 'val/loss/loss', 'log': {'wandb_entity': 'eso18-imperial-college-london', 'wandb_group': 'full_runs', 'wandb_run_name': '', 'wandb_project_name': 'mvvae_scMNC', 'wandb_log_freq': 50, 'wandb_offline': False, 'wandb_local_instance': True, 'dir_logs': '/rds/general/user/eso18/home/mmvmvae/run_scMNC/logs', 'downstream_logging_frequency': 1, 'coherence_logging_frequency': 1, 'img_plotting_frequency': 1, 'fid_logging_frequency': 50, 'val_freq': 1, 'debug': False, 'likelihood_logging_frequency': 1}, 'dataset': {'name': 'scMNC', 'num_workers': 8, 'num_views': 2, 'dir_data': '/rds/general/user/eso18/home/mmvmvae/data/scMNC', 'num_labels': 6, 'dir_clf': '/rds/general/user/eso18/home/mmvmvae/trained_classifiers/scMNC', 'n_clfs_outputs': 6, 'label_names': ['A', 'B', 'C', 'D', 'E', 'F']}, 'model': {'device': 'cuda', 'batch_size': 32, 'batch_size_eval': 64, 'lr': 0.001, 'epochs': 150, 'temp_annealing': 'cosine', 'seed': 3, 'latent_dim': 32, 'hidden_dim': 512, 'early_stop': True, 'beta_annealing': False, 'init_beta_value': 0.0, 'final_beta_value': 1.0, 'schedule': 'cyclical', 'beta_annealing_steps': 250000, 'beta_M': 20, 'beta_R': 0.5, 'use_resnets': True, 'name': 'jointprior', 'alpha_annealing': True, 'init_alpha_value': 1.0, 'final_alpha_value': 0.0, 'alpha_annealing_steps': 150000, 'cov_scalar': 0.75, 'alpha_scalar': 0.5, 'beta': '', 'aggregation': 'avg'}, 'eval': {'num_samples_train': 10000, 'max_iteration': 10000, 'eval_downstream_task': True, 'coherence': True, 'path_inception_weights': '/rds/general/user/eso18/home/mmvmvae/utils/pt_inception-2015-12-05-6726825d.pth'}}","val/loss/loss","/rds/general/user/eso18/home/mmvmvae/trained_classifiers/scMNC","","/rds/general/user/eso18/home/mmvmvae/data/scMNC","","[""A"",""B"",""C"",""D"",""E"",""F""]","","6","scMNC","6","2","8","true","true","10000","10000","/rds/general/user/eso18/home/mmvmvae/utils/pt_inception-2015-12-05-6726825d.pth","1","false","/rds/general/user/eso18/home/mmvmvae/run_scMNC/logs","1","50","1","1","1","eso18-imperial-college-london","full_runs","true","50","false","mvvae_scMNC","","true","150000","32","64","","20","0.5","false","250000","0.75","cuda","true","150","0","1","512","1","0","32","0.001","cyclical","3","cosine","true","0","","1","30","0.9034090638160706","0.9034090638160706","0.18039773404598236","0.7997159361839294","0.19176135957241056","0.8551136255264282","0.6860795617103577","0.6846590638160706","2304.80126953125","2305.0859375","0.9730113744735718","0.9034090638160706","0.9730113744735718","0.9034090638160706","2306.733642578125","143.3463134765625","2341.5947265625","2198.24853515625","","-1251.559814453125","-28.35703468322754","-1251.559814453125","-946.688720703125","2820","0.9034090638160706","0.9034090638160706","0.18039773404598236","0.7997159361839294","0.19176135957241056","0.875","0.6946022510528564","0.6960227489471436","2304.80126953125","2305.0859375","0.9758522510528564","0.9034090638160706","0.9730113744735718","0.9034090638160706","2306.733642578125","144.38832092285156","2451.121826171875","2306.7333984375","","-1377.3184814453125","-27.83961296081543","-1377.3184814453125","-929.414794921875","0.8963068127632141","0.8963068127632141","0.14204545319080353","0.8139204382896423","0.18465909361839297","0.8678977489471436","0.6803977489471436","0.6789772510528564","2305.943359375","2305.422607421875","0.96875","0.9048295617103576","0.96875","0.9048295617103576","2306.515380859375","2449.875244140625"
"solar-brook-516","0.4","avg","jointprior","finished","-","","","2026-04-01T03:12:03.000Z","276","","{'seed': 0, 'checkpoint_metric': 'val/loss/loss', 'log': {'wandb_entity': 'eso18-imperial-college-london', 'wandb_group': 'full_runs', 'wandb_run_name': '', 'wandb_project_name': 'mvvae_scMNC', 'wandb_log_freq': 50, 'wandb_offline': False, 'wandb_local_instance': True, 'dir_logs': '/rds/general/user/eso18/home/mmvmvae/run_scMNC/logs', 'downstream_logging_frequency': 1, 'coherence_logging_frequency': 1, 'img_plotting_frequency': 1, 'fid_logging_frequency': 50, 'val_freq': 1, 'debug': False, 'likelihood_logging_frequency': 1}, 'dataset': {'name': 'scMNC', 'num_workers': 8, 'num_views': 2, 'dir_data': '/rds/general/user/eso18/home/mmvmvae/data/scMNC', 'num_labels': 6, 'dir_clf': '/rds/general/user/eso18/home/mmvmvae/trained_classifiers/scMNC', 'n_clfs_outputs': 6, 'label_names': ['A', 'B', 'C', 'D', 'E', 'F']}, 'model': {'device': 'cuda', 'batch_size': 32, 'batch_size_eval': 64, 'lr': 0.001, 'epochs': 150, 'temp_annealing': 'cosine', 'seed': 3, 'latent_dim': 32, 'hidden_dim': 512, 'early_stop': True, 'beta_annealing': False, 'init_beta_value': 0.0, 'final_beta_value': 1.0, 'schedule': 'cyclical', 'beta_annealing_steps': 250000, 'beta_M': 20, 'beta_R': 0.5, 'use_resnets': True, 'name': 'jointprior', 'alpha_annealing': True, 'init_alpha_value': 1.0, 'final_alpha_value': 0.0, 'alpha_annealing_steps': 150000, 'cov_scalar': 0.84, 'alpha_scalar': 0.4, 'beta': '', 'aggregation': 'avg'}, 'eval': {'num_samples_train': 10000, 'max_iteration': 10000, 'eval_downstream_task': True, 'coherence': True, 'path_inception_weights': '/rds/general/user/eso18/home/mmvmvae/utils/pt_inception-2015-12-05-6726825d.pth'}}","val/loss/loss","/rds/general/user/eso18/home/mmvmvae/trained_classifiers/scMNC","","/rds/general/user/eso18/home/mmvmvae/data/scMNC","","[""A"",""B"",""C"",""D"",""E"",""F""]","","6","scMNC","6","2","8","true","true","10000","10000","/rds/general/user/eso18/home/mmvmvae/utils/pt_inception-2015-12-05-6726825d.pth","1","false","/rds/general/user/eso18/home/mmvmvae/run_scMNC/logs","1","50","1","1","1","eso18-imperial-college-london","full_runs","true","50","false","mvvae_scMNC","","true","150000","32","64","","20","0.5","false","250000","0.84","cuda","true","150","0","1","512","1","0","32","0.001","cyclical","3","cosine","true","0","","1","40","0.9076704382896424","0.9076704382896424","0.21590909361839297","0.8068181872367859","0.23295454680919647","0.8778409361839294","0.6747159361839294","0.6747159361839294","2285.6708984375","2286.093505859375","0.9602272510528564","0.8963068127632141","0.9602272510528564","0.8963068127632141","2284.540283203125","147.62110900878906","2462.6455078125","2315.0244140625","","-1338.4478759765625","-29.25229263305664","-1338.4478759765625","-976.5765991210938","3730","0.9076704382896424","0.9076704382896424","0.21590909361839297","0.8068181872367859","0.23295454680919647","0.8863636255264282","0.6931818127632141","0.6960227489471436","2285.6708984375","2286.093505859375","0.978693187236786","0.8963068127632141","0.9602272510528564","0.8963068127632141","2284.540283203125","152.3264923095703","2436.866943359375","2284.5400390625","","-1379.0196533203125","-27.123878479003903","-1379.0196533203125","-905.5203247070312","0.90625","0.90625","0.1931818127632141","0.8096590638160706","0.21590909361839297","0.8721590638160706","0.6818181872367859","0.6818181872367859","2288.576904296875","2288.175537109375","0.978693187236786","0.9090909361839294","0.978693187236786","0.9090909361839294","2287.130615234375","2433.718505859375"
"light-plasma-515","0.3","avg","jointprior","finished","-","","","2026-04-01T03:08:39.000Z","223","","{'seed': 0, 'checkpoint_metric': 'val/loss/loss', 'log': {'wandb_entity': 'eso18-imperial-college-london', 'wandb_group': 'full_runs', 'wandb_run_name': '', 'wandb_project_name': 'mvvae_scMNC', 'wandb_log_freq': 50, 'wandb_offline': False, 'wandb_local_instance': True, 'dir_logs': '/rds/general/user/eso18/home/mmvmvae/run_scMNC/logs', 'downstream_logging_frequency': 1, 'coherence_logging_frequency': 1, 'img_plotting_frequency': 1, 'fid_logging_frequency': 50, 'val_freq': 1, 'debug': False, 'likelihood_logging_frequency': 1}, 'dataset': {'name': 'scMNC', 'num_workers': 8, 'num_views': 2, 'dir_data': '/rds/general/user/eso18/home/mmvmvae/data/scMNC', 'num_labels': 6, 'dir_clf': '/rds/general/user/eso18/home/mmvmvae/trained_classifiers/scMNC', 'n_clfs_outputs': 6, 'label_names': ['A', 'B', 'C', 'D', 'E', 'F']}, 'model': {'device': 'cuda', 'batch_size': 32, 'batch_size_eval': 64, 'lr': 0.001, 'epochs': 150, 'temp_annealing': 'cosine', 'seed': 3, 'latent_dim': 32, 'hidden_dim': 512, 'early_stop': True, 'beta_annealing': False, 'init_beta_value': 0.0, 'final_beta_value': 1.0, 'schedule': 'cyclical', 'beta_annealing_steps': 250000, 'beta_M': 20, 'beta_R': 0.5, 'use_resnets': True, 'name': 'jointprior', 'alpha_annealing': True, 'init_alpha_value': 1.0, 'final_alpha_value': 0.0, 'alpha_annealing_steps': 150000, 'cov_scalar': 0.91, 'alpha_scalar': 0.3, 'beta': '', 'aggregation': 'avg'}, 'eval': {'num_samples_train': 10000, 'max_iteration': 10000, 'eval_downstream_task': True, 'coherence': True, 'path_inception_weights': '/rds/general/user/eso18/home/mmvmvae/utils/pt_inception-2015-12-05-6726825d.pth'}}","val/loss/loss","/rds/general/user/eso18/home/mmvmvae/trained_classifiers/scMNC","","/rds/general/user/eso18/home/mmvmvae/data/scMNC","","[""A"",""B"",""C"",""D"",""E"",""F""]","","6","scMNC","6","2","8","true","true","10000","10000","/rds/general/user/eso18/home/mmvmvae/utils/pt_inception-2015-12-05-6726825d.pth","1","false","/rds/general/user/eso18/home/mmvmvae/run_scMNC/logs","1","50","1","1","1","eso18-imperial-college-london","full_runs","true","50","false","mvvae_scMNC","","true","150000","32","64","","20","0.5","false","250000","0.91","cuda","true","150","0","1","512","1","0","32","0.001","cyclical","3","cosine","true","0","","1","30","0.9105113744735718","0.9105113744735718","0.17613635957241058","0.8181818127632141","0.20028409361839297","0.859375","0.6860795617103577","0.6846590638160706","2314.96630859375","2314.64404296875","0.96875","0.9048295617103576","0.96875","0.9048295617103576","2318.0068359375","145.7769012451172","2340.25048828125","2194.4736328125","","-1254.594970703125","-28.15304183959961","-1254.594970703125","-939.8785400390624","2820","0.9105113744735718","0.9105113744735718","0.17613635957241058","0.8181818127632141","0.20028409361839297","0.8735795617103577","0.6889204382896423","0.6917613744735718","2314.96630859375","2314.64404296875","0.974431812763214","0.9048295617103576","0.96875","0.9048295617103576","2318.0068359375","146.32969665527344","2464.336181640625","2318.006591796875","","-1377.221435546875","-28.180204391479492","-1377.221435546875","-940.7853393554688","0.8991477489471436","0.8991477489471436","0.18039773404598236","0.8252840638160706","0.21875","0.8636363744735718","0.6789772510528564","0.6775568127632141","2315.451171875","2314.97119140625","0.9659090638160706","0.9048295617103576","0.9659090638160706","0.9048295617103576","2314.56396484375","2460.217041015625"
"silver-snow-514","0.2","avg","jointprior","finished","-","","","2026-04-01T03:04:10.000Z","326","","{'seed': 0, 'checkpoint_metric': 'val/loss/loss', 'log': {'wandb_entity': 'eso18-imperial-college-london', 'wandb_group': 'full_runs', 'wandb_run_name': '', 'wandb_project_name': 'mvvae_scMNC', 'wandb_log_freq': 50, 'wandb_offline': False, 'wandb_local_instance': True, 'dir_logs': '/rds/general/user/eso18/home/mmvmvae/run_scMNC/logs', 'downstream_logging_frequency': 1, 'coherence_logging_frequency': 1, 'img_plotting_frequency': 1, 'fid_logging_frequency': 50, 'val_freq': 1, 'debug': False, 'likelihood_logging_frequency': 1}, 'dataset': {'name': 'scMNC', 'num_workers': 8, 'num_views': 2, 'dir_data': '/rds/general/user/eso18/home/mmvmvae/data/scMNC', 'num_labels': 6, 'dir_clf': '/rds/general/user/eso18/home/mmvmvae/trained_classifiers/scMNC', 'n_clfs_outputs': 6, 'label_names': ['A', 'B', 'C', 'D', 'E', 'F']}, 'model': {'device': 'cuda', 'batch_size': 32, 'batch_size_eval': 64, 'lr': 0.001, 'epochs': 150, 'temp_annealing': 'cosine', 'seed': 3, 'latent_dim': 32, 'hidden_dim': 512, 'early_stop': True, 'beta_annealing': False, 'init_beta_value': 0.0, 'final_beta_value': 1.0, 'schedule': 'cyclical', 'beta_annealing_steps': 250000, 'beta_M': 20, 'beta_R': 0.5, 'use_resnets': True, 'name': 'jointprior', 'alpha_annealing': True, 'init_alpha_value': 1.0, 'final_alpha_value': 0.0, 'alpha_annealing_steps': 150000, 'cov_scalar': 0.96, 'alpha_scalar': 0.2, 'beta': '', 'aggregation': 'avg'}, 'eval': {'num_samples_train': 10000, 'max_iteration': 10000, 'eval_downstream_task': True, 'coherence': True, 'path_inception_weights': '/rds/general/user/eso18/home/mmvmvae/utils/pt_inception-2015-12-05-6726825d.pth'}}","val/loss/loss","/rds/general/user/eso18/home/mmvmvae/trained_classifiers/scMNC","","/rds/general/user/eso18/home/mmvmvae/data/scMNC","","[""A"",""B"",""C"",""D"",""E"",""F""]","","6","scMNC","6","2","8","true","true","10000","10000","/rds/general/user/eso18/home/mmvmvae/utils/pt_inception-2015-12-05-6726825d.pth","1","false","/rds/general/user/eso18/home/mmvmvae/run_scMNC/logs","1","50","1","1","1","eso18-imperial-college-london","full_runs","true","50","false","mvvae_scMNC","","true","150000","32","64","","20","0.5","false","250000","0.96","cuda","true","150","0","1","512","1","0","32","0.001","cyclical","3","cosine","true","0","","1","49","0.8948863744735718","0.8948863744735718","0.25710228085517883","0.7940340638160706","0.2642045319080353","0.8735795617103577","0.6647727489471436","0.6647727489471436","2279.369384765625","2278.94287109375","0.9730113744735718","0.9105113744735718","0.9730113744735718","0.9105113744735718","2278.34375","152.53375244140625","2368.435546875","2215.90185546875","","-1293.9996337890625","-27.614582061767575","-1293.9996337890625","-921.9022216796876","4549","0.8948863744735718","0.8948863744735718","0.25710228085517883","0.7940340638160706","0.2642045319080353","0.8863636255264282","0.6988636255264282","0.6974431872367859","2279.369384765625","2274.111328125","0.9772727489471436","0.9105113744735718","0.9730113744735718","0.9105113744735718","2278.34375","152.23863220214844","2430.582275390625","2278.34375","","-1383.2684326171875","-26.811016082763672","-1383.2684326171875","-895.0753784179688","0.9019886255264282","0.9019886255264282","0.2286931872367859","0.7741477489471436","0.2713068127632141","0.8664772510528564","0.6775568127632141","0.6789772510528564","2274.82470703125","2274.888916015625","0.9772727489471436","0.9133522510528564","0.9772727489471436","0.9133522510528564","2274.12939453125","2425.2578125"
"soft-field-513","0.15","avg","jointprior","finished","-","","","2026-04-01T03:01:20.000Z","283","","{'seed': 0, 'checkpoint_metric': 'val/loss/loss', 'log': {'wandb_entity': 'eso18-imperial-college-london', 'wandb_group': 'full_runs', 'wandb_run_name': '', 'wandb_project_name': 'mvvae_scMNC', 'wandb_log_freq': 50, 'wandb_offline': False, 'wandb_local_instance': True, 'dir_logs': '/rds/general/user/eso18/home/mmvmvae/run_scMNC/logs', 'downstream_logging_frequency': 1, 'coherence_logging_frequency': 1, 'img_plotting_frequency': 1, 'fid_logging_frequency': 50, 'val_freq': 1, 'debug': False, 'likelihood_logging_frequency': 1}, 'dataset': {'name': 'scMNC', 'num_workers': 8, 'num_views': 2, 'dir_data': '/rds/general/user/eso18/home/mmvmvae/data/scMNC', 'num_labels': 6, 'dir_clf': '/rds/general/user/eso18/home/mmvmvae/trained_classifiers/scMNC', 'n_clfs_outputs': 6, 'label_names': ['A', 'B', 'C', 'D', 'E', 'F']}, 'model': {'device': 'cuda', 'batch_size': 32, 'batch_size_eval': 64, 'lr': 0.001, 'epochs': 150, 'temp_annealing': 'cosine', 'seed': 3, 'latent_dim': 32, 'hidden_dim': 512, 'early_stop': True, 'beta_annealing': False, 'init_beta_value': 0.0, 'final_beta_value': 1.0, 'schedule': 'cyclical', 'beta_annealing_steps': 250000, 'beta_M': 20, 'beta_R': 0.5, 'use_resnets': True, 'name': 'jointprior', 'alpha_annealing': True, 'init_alpha_value': 1.0, 'final_alpha_value': 0.0, 'alpha_annealing_steps': 150000, 'cov_scalar': 0.9775, 'alpha_scalar': 0.15, 'beta': '', 'aggregation': 'avg'}, 'eval': {'num_samples_train': 10000, 'max_iteration': 10000, 'eval_downstream_task': True, 'coherence': True, 'path_inception_weights': '/rds/general/user/eso18/home/mmvmvae/utils/pt_inception-2015-12-05-6726825d.pth'}}","val/loss/loss","/rds/general/user/eso18/home/mmvmvae/trained_classifiers/scMNC","","/rds/general/user/eso18/home/mmvmvae/data/scMNC","","[""A"",""B"",""C"",""D"",""E"",""F""]","","6","scMNC","6","2","8","true","true","10000","10000","/rds/general/user/eso18/home/mmvmvae/utils/pt_inception-2015-12-05-6726825d.pth","1","false","/rds/general/user/eso18/home/mmvmvae/run_scMNC/logs","1","50","1","1","1","eso18-imperial-college-london","full_runs","true","50","false","mvvae_scMNC","","true","150000","32","64","","20","0.5","false","250000","0.9775","cuda","true","150","0","1","512","1","0","32","0.001","cyclical","3","cosine","true","0","","1","40","0.9090909361839294","0.9090909361839294","0.2642045319080353","0.8196022510528564","0.296875","0.8664772510528564","0.6661931872367859","0.6647727489471436","2291.97119140625","2292.307861328125","0.9673295617103576","0.8963068127632141","0.9673295617103576","0.8963068127632141","2292.456787109375","151.35194396972656","2474.1611328125","2322.80908203125","","-1344.308837890625","-29.309917449951172","-1344.308837890625","-978.5003051757812","3730","0.9090909361839294","0.9090909361839294","0.2642045319080353","0.8196022510528564","0.296875","0.8806818127632141","0.6931818127632141","0.6931818127632141","2291.97119140625","2292.307861328125","0.9772727489471436","0.8963068127632141","0.9673295617103576","0.8963068127632141","2292.456787109375","149.71856689453125","2442.17529296875","2292.45703125","","-1378.5","-27.3765869140625","-1378.5","-913.9569702148438","0.8991477489471436","0.8991477489471436","0.2769886255264282","0.8139204382896423","0.2954545319080353","0.859375","0.6761363744735718","0.6761363744735718","2293.86083984375","2293.737548828125","0.9701704382896424","0.9048295617103576","0.9701704382896424","0.9048295617103576","2292.345703125","2441.5068359375"
"colorful-wind-512","0.1","avg","jointprior","finished","-","","","2026-04-01T02:57:16.000Z","273","","{'seed': 0, 'checkpoint_metric': 'val/loss/loss', 'log': {'wandb_entity': 'eso18-imperial-college-london', 'wandb_group': 'full_runs', 'wandb_run_name': '', 'wandb_project_name': 'mvvae_scMNC', 'wandb_log_freq': 50, 'wandb_offline': False, 'wandb_local_instance': True, 'dir_logs': '/rds/general/user/eso18/home/mmvmvae/run_scMNC/logs', 'downstream_logging_frequency': 1, 'coherence_logging_frequency': 1, 'img_plotting_frequency': 1, 'fid_logging_frequency': 50, 'val_freq': 1, 'debug': False, 'likelihood_logging_frequency': 1}, 'dataset': {'name': 'scMNC', 'num_workers': 8, 'num_views': 2, 'dir_data': '/rds/general/user/eso18/home/mmvmvae/data/scMNC', 'num_labels': 6, 'dir_clf': '/rds/general/user/eso18/home/mmvmvae/trained_classifiers/scMNC', 'n_clfs_outputs': 6, 'label_names': ['A', 'B', 'C', 'D', 'E', 'F']}, 'model': {'device': 'cuda', 'batch_size': 32, 'batch_size_eval': 64, 'lr': 0.001, 'epochs': 150, 'temp_annealing': 'cosine', 'seed': 3, 'latent_dim': 32, 'hidden_dim': 512, 'early_stop': True, 'beta_annealing': False, 'init_beta_value': 0.0, 'final_beta_value': 1.0, 'schedule': 'cyclical', 'beta_annealing_steps': 250000, 'beta_M': 20, 'beta_R': 0.5, 'use_resnets': True, 'name': 'jointprior', 'alpha_annealing': True, 'init_alpha_value': 1.0, 'final_alpha_value': 0.0, 'alpha_annealing_steps': 150000, 'cov_scalar': 0.99, 'alpha_scalar': 0.1, 'beta': '', 'aggregation': 'avg'}, 'eval': {'num_samples_train': 10000, 'max_iteration': 10000, 'eval_downstream_task': True, 'coherence': True, 'path_inception_weights': '/rds/general/user/eso18/home/mmvmvae/utils/pt_inception-2015-12-05-6726825d.pth'}}","val/loss/loss","/rds/general/user/eso18/home/mmvmvae/trained_classifiers/scMNC","","/rds/general/user/eso18/home/mmvmvae/data/scMNC","","[""A"",""B"",""C"",""D"",""E"",""F""]","","6","scMNC","6","2","8","true","true","10000","10000","/rds/general/user/eso18/home/mmvmvae/utils/pt_inception-2015-12-05-6726825d.pth","1","false","/rds/general/user/eso18/home/mmvmvae/run_scMNC/logs","1","50","1","1","1","eso18-imperial-college-london","full_runs","true","50","false","mvvae_scMNC","","true","150000","32","64","","20","0.5","false","250000","0.99","cuda","true","150","0","1","512","1","0","32","0.001","cyclical","3","cosine","true","0","","1","40","0.9034090638160706","0.9034090638160706","0.3110795319080353","0.8110795617103577","0.3380681872367859","0.8778409361839294","0.6747159361839294","0.6775568127632141","2289.1044921875","2289.506103515625","0.9659090638160706","0.8977272510528564","0.9659090638160706","0.8977272510528564","2288.894287109375","153.23416137695312","2464.13818359375","2310.904052734375","","-1341.2486572265625","-29.04497718811035","-1341.2486572265625","-969.6554565429688","3730","0.9034090638160706","0.9034090638160706","0.3110795319080353","0.8110795617103577","0.3380681872367859","0.8806818127632141","0.6960227489471436","0.6946022510528564","2289.1044921875","2288.154296875","0.974431812763214","0.8977272510528564","0.9659090638160706","0.8977272510528564","2288.894287109375","153.0604248046875","2441.95458984375","2288.89404296875","","-1379.4468994140625","-27.241504669189453","-1379.4468994140625","-909.4472045898438","0.8991477489471436","0.8991477489471436","0.2954545319080353","0.8153409361839294","0.33096590638160706","0.8622159361839294","0.6846590638160706","0.6832386255264282","2288.44921875","2288.154296875","0.9715909361839294","0.9133522510528564","0.9715909361839294","0.9133522510528564","2287.61474609375","2438.275390625"
"electric-sun-511","0.05","avg","jointprior","finished","-","","","2026-04-01T02:54:27.000Z","282","","{'seed': 0, 'checkpoint_metric': 'val/loss/loss', 'log': {'wandb_entity': 'eso18-imperial-college-london', 'wandb_group': 'full_runs', 'wandb_run_name': '', 'wandb_project_name': 'mvvae_scMNC', 'wandb_log_freq': 50, 'wandb_offline': False, 'wandb_local_instance': True, 'dir_logs': '/rds/general/user/eso18/home/mmvmvae/run_scMNC/logs', 'downstream_logging_frequency': 1, 'coherence_logging_frequency': 1, 'img_plotting_frequency': 1, 'fid_logging_frequency': 50, 'val_freq': 1, 'debug': False, 'likelihood_logging_frequency': 1}, 'dataset': {'name': 'scMNC', 'num_workers': 8, 'num_views': 2, 'dir_data': '/rds/general/user/eso18/home/mmvmvae/data/scMNC', 'num_labels': 6, 'dir_clf': '/rds/general/user/eso18/home/mmvmvae/trained_classifiers/scMNC', 'n_clfs_outputs': 6, 'label_names': ['A', 'B', 'C', 'D', 'E', 'F']}, 'model': {'device': 'cuda', 'batch_size': 32, 'batch_size_eval': 64, 'lr': 0.001, 'epochs': 150, 'temp_annealing': 'cosine', 'seed': 3, 'latent_dim': 32, 'hidden_dim': 512, 'early_stop': True, 'beta_annealing': False, 'init_beta_value': 0.0, 'final_beta_value': 1.0, 'schedule': 'cyclical', 'beta_annealing_steps': 250000, 'beta_M': 20, 'beta_R': 0.5, 'use_resnets': True, 'name': 'jointprior', 'alpha_annealing': True, 'init_alpha_value': 1.0, 'final_alpha_value': 0.0, 'alpha_annealing_steps': 150000, 'cov_scalar': 0.9975, 'alpha_scalar': 0.05, 'beta': '', 'aggregation': 'avg'}, 'eval': {'num_samples_train': 10000, 'max_iteration': 10000, 'eval_downstream_task': True, 'coherence': True, 'path_inception_weights': '/rds/general/user/eso18/home/mmvmvae/utils/pt_inception-2015-12-05-6726825d.pth'}}","val/loss/loss","/rds/general/user/eso18/home/mmvmvae/trained_classifiers/scMNC","","/rds/general/user/eso18/home/mmvmvae/data/scMNC","","[""A"",""B"",""C"",""D"",""E"",""F""]","","6","scMNC","6","2","8","true","true","10000","10000","/rds/general/user/eso18/home/mmvmvae/utils/pt_inception-2015-12-05-6726825d.pth","1","false","/rds/general/user/eso18/home/mmvmvae/run_scMNC/logs","1","50","1","1","1","eso18-imperial-college-london","full_runs","true","50","false","mvvae_scMNC","","true","150000","32","64","","20","0.5","false","250000","0.9975","cuda","true","150","0","1","512","1","0","32","0.001","cyclical","3","cosine","true","0","","1","40","0.90625","0.90625","0.2642045319080353","0.8011363744735718","0.3380681872367859","0.8835227489471436","0.6818181872367859","0.6818181872367859","2290.76025390625","2290.83837890625","0.96875","0.9005681872367859","0.96875","0.9005681872367859","2290.9560546875","153.6123809814453","2493.2646484375","2339.65234375","","-1356.4290771484375","-29.45138359069824","-1356.4290771484375","-983.22314453125","3730","0.90625","0.90625","0.2642045319080353","0.8011363744735718","0.3380681872367859","0.8835227489471436","0.703125","0.7017045617103577","2290.76025390625","2290.83837890625","0.974431812763214","0.9005681872367859","0.96875","0.9005681872367859","2290.9560546875","152.3382568359375","2443.294189453125","2290.9560546875","","-1377.9034423828125","-27.34950065612793","-1377.9034423828125","-913.0526733398438","0.9019886255264282","0.9019886255264282","0.2826704680919647","0.828125","0.30397728085517883","0.875","0.6889204382896423","0.6889204382896423","2291.969482421875","2291.912841796875","0.9701704382896424","0.9076704382896424","0.9701704382896424","0.9076704382896424","2289.710205078125","2440.8681640625"
"worldly-brook-510","0.99","avg","jointprior","finished","-","","","2026-04-01T02:50:49.000Z","232","","{'seed': 0, 'checkpoint_metric': 'val/loss/loss', 'log': {'wandb_entity': 'eso18-imperial-college-london', 'wandb_group': 'full_runs', 'wandb_run_name': '', 'wandb_project_name': 'mvvae_scMNC', 'wandb_log_freq': 50, 'wandb_offline': False, 'wandb_local_instance': True, 'dir_logs': '/rds/general/user/eso18/home/mmvmvae/run_scMNC/logs', 'downstream_logging_frequency': 1, 'coherence_logging_frequency': 1, 'img_plotting_frequency': 1, 'fid_logging_frequency': 50, 'val_freq': 1, 'debug': False, 'likelihood_logging_frequency': 1}, 'dataset': {'name': 'scMNC', 'num_workers': 8, 'num_views': 2, 'dir_data': '/rds/general/user/eso18/home/mmvmvae/data/scMNC', 'num_labels': 6, 'dir_clf': '/rds/general/user/eso18/home/mmvmvae/trained_classifiers/scMNC', 'n_clfs_outputs': 6, 'label_names': ['A', 'B', 'C', 'D', 'E', 'F']}, 'model': {'device': 'cuda', 'batch_size': 32, 'batch_size_eval': 64, 'lr': 0.001, 'epochs': 150, 'temp_annealing': 'cosine', 'seed': 2, 'latent_dim': 32, 'hidden_dim': 512, 'early_stop': True, 'beta_annealing': False, 'init_beta_value': 0.0, 'final_beta_value': 1.0, 'schedule': 'cyclical', 'beta_annealing_steps': 250000, 'beta_M': 20, 'beta_R': 0.5, 'use_resnets': True, 'name': 'jointprior', 'alpha_annealing': True, 'init_alpha_value': 1.0, 'final_alpha_value': 0.0, 'alpha_annealing_steps': 150000, 'cov_scalar': 0.0199, 'alpha_scalar': 0.99, 'beta': '', 'aggregation': 'avg'}, 'eval': {'num_samples_train': 10000, 'max_iteration': 10000, 'eval_downstream_task': True, 'coherence': True, 'path_inception_weights': '/rds/general/user/eso18/home/mmvmvae/utils/pt_inception-2015-12-05-6726825d.pth'}}","val/loss/loss","/rds/general/user/eso18/home/mmvmvae/trained_classifiers/scMNC","","/rds/general/user/eso18/home/mmvmvae/data/scMNC","","[""A"",""B"",""C"",""D"",""E"",""F""]","","6","scMNC","6","2","8","true","true","10000","10000","/rds/general/user/eso18/home/mmvmvae/utils/pt_inception-2015-12-05-6726825d.pth","1","false","/rds/general/user/eso18/home/mmvmvae/run_scMNC/logs","1","50","1","1","1","eso18-imperial-college-london","full_runs","true","50","false","mvvae_scMNC","","true","150000","32","64","","20","0.5","false","250000","0.0199","cuda","true","150","0","1","512","1","0","32","0.001","cyclical","2","cosine","true","0","","1","34","0.8877840638160706","0.8877840638160706","0.16761364042758942","0.7855113744735718","0.13920454680919647","0.890625","0.7017045617103577","0.7017045617103577","2279.634765625","2279.63720703125","0.9602272510528564","0.9147727489471436","0.9602272510528564","0.9147727489471436","2277.90869140625","284.13934326171875","2403.708984375","2119.56982421875","","-1207.82275390625","-27.310392379760746","-1207.82275390625","-911.7469482421876","3184","0.8877840638160706","0.8877840638160706","0.16761364042758942","0.7855113744735718","0.13920454680919647","0.9105113744735718","0.71875","0.71875","2279.634765625","2274.791015625","0.9673295617103576","0.9147727489471436","0.9602272510528564","0.9147727489471436","2277.90869140625","296.0105895996094","2573.9189453125","2277.90869140625","","-1366.39697265625","-27.3033390045166","-1366.39697265625","-911.5116577148438","0.9019886255264282","0.9019886255264282","0.15198864042758942","0.7357954382896423","0.15340909361839294","0.9105113744735718","0.7017045617103577","0.7017045617103577","2274.8359375","2274.791015625","0.958806812763214","0.921875","0.958806812763214","0.921875","2274.437255859375","2570.69189453125"
"crisp-pyramid-509","0.97","avg","jointprior","finished","-","","","2026-04-01T02:47:49.000Z","245","","{'seed': 0, 'checkpoint_metric': 'val/loss/loss', 'log': {'wandb_entity': 'eso18-imperial-college-london', 'wandb_group': 'full_runs', 'wandb_run_name': '', 'wandb_project_name': 'mvvae_scMNC', 'wandb_log_freq': 50, 'wandb_offline': False, 'wandb_local_instance': True, 'dir_logs': '/rds/general/user/eso18/home/mmvmvae/run_scMNC/logs', 'downstream_logging_frequency': 1, 'coherence_logging_frequency': 1, 'img_plotting_frequency': 1, 'fid_logging_frequency': 50, 'val_freq': 1, 'debug': False, 'likelihood_logging_frequency': 1}, 'dataset': {'name': 'scMNC', 'num_workers': 8, 'num_views': 2, 'dir_data': '/rds/general/user/eso18/home/mmvmvae/data/scMNC', 'num_labels': 6, 'dir_clf': '/rds/general/user/eso18/home/mmvmvae/trained_classifiers/scMNC', 'n_clfs_outputs': 6, 'label_names': ['A', 'B', 'C', 'D', 'E', 'F']}, 'model': {'device': 'cuda', 'batch_size': 32, 'batch_size_eval': 64, 'lr': 0.001, 'epochs': 150, 'temp_annealing': 'cosine', 'seed': 2, 'latent_dim': 32, 'hidden_dim': 512, 'early_stop': True, 'beta_annealing': False, 'init_beta_value': 0.0, 'final_beta_value': 1.0, 'schedule': 'cyclical', 'beta_annealing_steps': 250000, 'beta_M': 20, 'beta_R': 0.5, 'use_resnets': True, 'name': 'jointprior', 'alpha_annealing': True, 'init_alpha_value': 1.0, 'final_alpha_value': 0.0, 'alpha_annealing_steps': 150000, 'cov_scalar': 0.0591, 'alpha_scalar': 0.97, 'beta': '', 'aggregation': 'avg'}, 'eval': {'num_samples_train': 10000, 'max_iteration': 10000, 'eval_downstream_task': True, 'coherence': True, 'path_inception_weights': '/rds/general/user/eso18/home/mmvmvae/utils/pt_inception-2015-12-05-6726825d.pth'}}","val/loss/loss","/rds/general/user/eso18/home/mmvmvae/trained_classifiers/scMNC","","/rds/general/user/eso18/home/mmvmvae/data/scMNC","","[""A"",""B"",""C"",""D"",""E"",""F""]","","6","scMNC","6","2","8","true","true","10000","10000","/rds/general/user/eso18/home/mmvmvae/utils/pt_inception-2015-12-05-6726825d.pth","1","false","/rds/general/user/eso18/home/mmvmvae/run_scMNC/logs","1","50","1","1","1","eso18-imperial-college-london","full_runs","true","50","false","mvvae_scMNC","","true","150000","32","64","","20","0.5","false","250000","0.0591","cuda","true","150","0","1","512","1","0","32","0.001","cyclical","2","cosine","true","0","","1","34","0.8934659361839294","0.8934659361839294","0.13352273404598236","0.7840909361839294","0.17613635957241058","0.8735795617103577","0.6931818127632141","0.6931818127632141","2268.222412109375","2267.88720703125","0.9573863744735718","0.9190340638160706","0.9573863744735718","0.9190340638160706","2269.4794921875","231.27395629882812","2354.02685546875","2122.7529296875","","-1209.705810546875","-27.349334716796875","-1209.705810546875","-913.0470581054688","3184","0.8934659361839294","0.8934659361839294","0.13352273404598236","0.7840909361839294","0.17613635957241058","0.9019886255264282","0.71875","0.71875","2268.222412109375","2265.951171875","0.9673295617103576","0.9190340638160706","0.9573863744735718","0.9190340638160706","2269.4794921875","236.01039123535156","2505.489990234375","2269.4794921875","","-1367.39013671875","-27.021100997924805","-1367.39013671875","-902.0890502929688","0.890625","0.890625","0.16051135957241058","0.7485795617103577","0.17897726595401764","0.8963068127632141","0.7144886255264282","0.7144886255264282","2266.4560546875","2266.803955078125","0.9673295617103576","0.9232954382896424","0.9673295617103576","0.9232954382896424","2267.067138671875","2502.908447265625"
"absurd-plasma-508","0.95","avg","jointprior","finished","-","","","2026-04-01T02:43:56.000Z","268","","{'seed': 0, 'checkpoint_metric': 'val/loss/loss', 'log': {'wandb_entity': 'eso18-imperial-college-london', 'wandb_group': 'full_runs', 'wandb_run_name': '', 'wandb_project_name': 'mvvae_scMNC', 'wandb_log_freq': 50, 'wandb_offline': False, 'wandb_local_instance': True, 'dir_logs': '/rds/general/user/eso18/home/mmvmvae/run_scMNC/logs', 'downstream_logging_frequency': 1, 'coherence_logging_frequency': 1, 'img_plotting_frequency': 1, 'fid_logging_frequency': 50, 'val_freq': 1, 'debug': False, 'likelihood_logging_frequency': 1}, 'dataset': {'name': 'scMNC', 'num_workers': 8, 'num_views': 2, 'dir_data': '/rds/general/user/eso18/home/mmvmvae/data/scMNC', 'num_labels': 6, 'dir_clf': '/rds/general/user/eso18/home/mmvmvae/trained_classifiers/scMNC', 'n_clfs_outputs': 6, 'label_names': ['A', 'B', 'C', 'D', 'E', 'F']}, 'model': {'device': 'cuda', 'batch_size': 32, 'batch_size_eval': 64, 'lr': 0.001, 'epochs': 150, 'temp_annealing': 'cosine', 'seed': 2, 'latent_dim': 32, 'hidden_dim': 512, 'early_stop': True, 'beta_annealing': False, 'init_beta_value': 0.0, 'final_beta_value': 1.0, 'schedule': 'cyclical', 'beta_annealing_steps': 250000, 'beta_M': 20, 'beta_R': 0.5, 'use_resnets': True, 'name': 'jointprior', 'alpha_annealing': True, 'init_alpha_value': 1.0, 'final_alpha_value': 0.0, 'alpha_annealing_steps': 150000, 'cov_scalar': 0.0975, 'alpha_scalar': 0.95, 'beta': '', 'aggregation': 'avg'}, 'eval': {'num_samples_train': 10000, 'max_iteration': 10000, 'eval_downstream_task': True, 'coherence': True, 'path_inception_weights': '/rds/general/user/eso18/home/mmvmvae/utils/pt_inception-2015-12-05-6726825d.pth'}}","val/loss/loss","/rds/general/user/eso18/home/mmvmvae/trained_classifiers/scMNC","","/rds/general/user/eso18/home/mmvmvae/data/scMNC","","[""A"",""B"",""C"",""D"",""E"",""F""]","","6","scMNC","6","2","8","true","true","10000","10000","/rds/general/user/eso18/home/mmvmvae/utils/pt_inception-2015-12-05-6726825d.pth","1","false","/rds/general/user/eso18/home/mmvmvae/run_scMNC/logs","1","50","1","1","1","eso18-imperial-college-london","full_runs","true","50","false","mvvae_scMNC","","true","150000","32","64","","20","0.5","false","250000","0.0975","cuda","true","150","0","1","512","1","0","32","0.001","cyclical","2","cosine","true","0","","1","39","0.890625","0.890625","0.07244317978620529","0.7727272510528564","0.10085227340459824","0.9090909361839294","0.6988636255264282","0.6974431872367859","2264.56103515625","2264.6435546875","0.9559659361839294","0.921875","0.9559659361839294","0.921875","2265.515380859375","213.02932739257812","2517.37353515625","2304.343994140625","","-1264.1480712890625","-31.157941818237305","-1264.1480712890625","-1040.196044921875","3639","0.890625","0.890625","0.07244317978620529","0.7727272510528564","0.10085227340459824","0.9090909361839294","0.7230113744735718","0.7201704382896423","2264.56103515625","2259.520263671875","0.9758522510528564","0.921875","0.9559659361839294","0.921875","2265.515380859375","213.20033264160156","2478.715576171875","2265.51513671875","","-1368.39794921875","-26.872175216674805","-1368.39794921875","-897.117431640625","0.8948863744735718","0.8948863744735718","0.06676136702299118","0.7400568127632141","0.09801136702299118","0.8934659361839294","0.7059659361839294","0.7073863744735718","2258.90283203125","2259.520263671875","0.9502840638160706","0.9190340638160706","0.9502840638160706","0.9190340638160706","2259.971923828125","2471.4814453125"
"likely-water-507","0.93","avg","jointprior","finished","-","","","2026-04-01T02:37:20.000Z","247","","{'seed': 0, 'checkpoint_metric': 'val/loss/loss', 'log': {'wandb_entity': 'eso18-imperial-college-london', 'wandb_group': 'full_runs', 'wandb_run_name': '', 'wandb_project_name': 'mvvae_scMNC', 'wandb_log_freq': 50, 'wandb_offline': False, 'wandb_local_instance': True, 'dir_logs': '/rds/general/user/eso18/home/mmvmvae/run_scMNC/logs', 'downstream_logging_frequency': 1, 'coherence_logging_frequency': 1, 'img_plotting_frequency': 1, 'fid_logging_frequency': 50, 'val_freq': 1, 'debug': False, 'likelihood_logging_frequency': 1}, 'dataset': {'name': 'scMNC', 'num_workers': 8, 'num_views': 2, 'dir_data': '/rds/general/user/eso18/home/mmvmvae/data/scMNC', 'num_labels': 6, 'dir_clf': '/rds/general/user/eso18/home/mmvmvae/trained_classifiers/scMNC', 'n_clfs_outputs': 6, 'label_names': ['A', 'B', 'C', 'D', 'E', 'F']}, 'model': {'device': 'cuda', 'batch_size': 32, 'batch_size_eval': 64, 'lr': 0.001, 'epochs': 150, 'temp_annealing': 'cosine', 'seed': 2, 'latent_dim': 32, 'hidden_dim': 512, 'early_stop': True, 'beta_annealing': False, 'init_beta_value': 0.0, 'final_beta_value': 1.0, 'schedule': 'cyclical', 'beta_annealing_steps': 250000, 'beta_M': 20, 'beta_R': 0.5, 'use_resnets': True, 'name': 'jointprior', 'alpha_annealing': True, 'init_alpha_value': 1.0, 'final_alpha_value': 0.0, 'alpha_annealing_steps': 150000, 'cov_scalar': 0.1351, 'alpha_scalar': 0.93, 'beta': '', 'aggregation': 'avg'}, 'eval': {'num_samples_train': 10000, 'max_iteration': 10000, 'eval_downstream_task': True, 'coherence': True, 'path_inception_weights': '/rds/general/user/eso18/home/mmvmvae/utils/pt_inception-2015-12-05-6726825d.pth'}}","val/loss/loss","/rds/general/user/eso18/home/mmvmvae/trained_classifiers/scMNC","","/rds/general/user/eso18/home/mmvmvae/data/scMNC","","[""A"",""B"",""C"",""D"",""E"",""F""]","","6","scMNC","6","2","8","true","true","10000","10000","/rds/general/user/eso18/home/mmvmvae/utils/pt_inception-2015-12-05-6726825d.pth","1","false","/rds/general/user/eso18/home/mmvmvae/run_scMNC/logs","1","50","1","1","1","eso18-imperial-college-london","full_runs","true","50","false","mvvae_scMNC","","true","150000","32","64","","20","0.5","false","250000","0.1351","cuda","true","150","0","1","512","1","0","32","0.001","cyclical","2","cosine","true","0","","1","34","0.90625","0.90625","0.078125","0.7784090638160706","0.06534090638160706","0.8920454382896423","0.7073863744735718","0.7088068127632141","2268.049072265625","2268.12548828125","0.9417613744735718","0.9204545617103576","0.9417613744735718","0.9204545617103576","2267.521728515625","193.45167541503903","2312.01611328125","2118.564453125","","-1212.0731201171875","-27.1529598236084","-1212.0731201171875","-906.4911499023438","3184","0.90625","0.90625","0.078125","0.7784090638160706","0.06534090638160706","0.9034090638160706","0.71875","0.7173295617103577","2268.049072265625","2263.4951171875","0.9673295617103576","0.9204545617103576","0.9417613744735718","0.9204545617103576","2267.521728515625","196.6684112548828","2464.190185546875","2267.521728515625","","-1366.7567138671875","-26.98143768310547","-1366.7567138671875","-900.764892578125","0.8948863744735718","0.8948863744735718","0.07244317978620529","0.7585227489471436","0.06392045319080353","0.9005681872367859","0.7073863744735718","0.7073863744735718","2263.31005859375","2263.4951171875","0.958806812763214","0.9232954382896424","0.958806812763214","0.9232954382896424","2262.47119140625","2458.287841796875"
"super-snowball-505","0.8","avg","jointprior","finished","-","","","2026-04-01T02:31:38.000Z","165","","{'seed': 0, 'checkpoint_metric': 'val/loss/loss', 'log': {'wandb_entity': 'eso18-imperial-college-london', 'wandb_group': 'full_runs', 'wandb_run_name': '', 'wandb_project_name': 'mvvae_scMNC', 'wandb_log_freq': 50, 'wandb_offline': False, 'wandb_local_instance': True, 'dir_logs': '/rds/general/user/eso18/home/mmvmvae/run_scMNC/logs', 'downstream_logging_frequency': 1, 'coherence_logging_frequency': 1, 'img_plotting_frequency': 1, 'fid_logging_frequency': 50, 'val_freq': 1, 'debug': False, 'likelihood_logging_frequency': 1}, 'dataset': {'name': 'scMNC', 'num_workers': 8, 'num_views': 2, 'dir_data': '/rds/general/user/eso18/home/mmvmvae/data/scMNC', 'num_labels': 6, 'dir_clf': '/rds/general/user/eso18/home/mmvmvae/trained_classifiers/scMNC', 'n_clfs_outputs': 6, 'label_names': ['A', 'B', 'C', 'D', 'E', 'F']}, 'model': {'device': 'cuda', 'batch_size': 32, 'batch_size_eval': 64, 'lr': 0.001, 'epochs': 150, 'temp_annealing': 'cosine', 'seed': 2, 'latent_dim': 32, 'hidden_dim': 512, 'early_stop': True, 'beta_annealing': False, 'init_beta_value': 0.0, 'final_beta_value': 1.0, 'schedule': 'cyclical', 'beta_annealing_steps': 250000, 'beta_M': 20, 'beta_R': 0.5, 'use_resnets': True, 'name': 'jointprior', 'alpha_annealing': True, 'init_alpha_value': 1.0, 'final_alpha_value': 0.0, 'alpha_annealing_steps': 150000, 'cov_scalar': 0.36, 'alpha_scalar': 0.8, 'beta': '', 'aggregation': 'avg'}, 'eval': {'num_samples_train': 10000, 'max_iteration': 10000, 'eval_downstream_task': True, 'coherence': True, 'path_inception_weights': '/rds/general/user/eso18/home/mmvmvae/utils/pt_inception-2015-12-05-6726825d.pth'}}","val/loss/loss","/rds/general/user/eso18/home/mmvmvae/trained_classifiers/scMNC","","/rds/general/user/eso18/home/mmvmvae/data/scMNC","","[""A"",""B"",""C"",""D"",""E"",""F""]","","6","scMNC","6","2","8","true","true","10000","10000","/rds/general/user/eso18/home/mmvmvae/utils/pt_inception-2015-12-05-6726825d.pth","1","false","/rds/general/user/eso18/home/mmvmvae/run_scMNC/logs","1","50","1","1","1","eso18-imperial-college-london","full_runs","true","50","false","mvvae_scMNC","","true","150000","32","64","","20","0.5","false","250000","0.36","cuda","true","150","0","1","512","1","0","32","0.001","cyclical","2","cosine","true","0","","1","21","0.8920454382896423","0.8920454382896423","0.09801136702299118","0.8011363744735718","0.16477273404598236","0.8835227489471436","0.7144886255264282","0.7144886255264282","2309.2109375","2308.988037109375","0.953125","0.9204545617103576","0.953125","0.9204545617103576","2309.927001953125","158.59774780273438","2382.0625","2223.46484375","","-1318.838623046875","-27.097095489501953","-1318.838623046875","-904.6260986328124","2001","0.8920454382896423","0.8920454382896423","0.09801136702299118","0.8011363744735718","0.16477273404598236","0.8849431872367859","0.7144886255264282","0.7144886255264282","2309.2109375","2304.291259765625","0.9659090638160706","0.9204545617103576","0.953125","0.9204545617103576","2309.927001953125","156.88877868652344","2466.8154296875","2309.9267578125","","-1375.2103271484375","-27.998424530029297","-1375.2103271484375","-934.716552734375","0.8863636255264282","0.8863636255264282","0.09232954680919649","0.8068181872367859","0.13210226595401764","0.875","0.6903409361839294","0.6931818127632141","2304.683349609375","2304.982421875","0.9659090638160706","0.9147727489471436","0.9659090638160706","0.9147727489471436","2303.59619140625","2459.9833984375"
"valiant-field-506","0.9","avg","jointprior","finished","-","","","2026-04-01T02:31:38.000Z","209","","{'seed': 0, 'checkpoint_metric': 'val/loss/loss', 'log': {'wandb_entity': 'eso18-imperial-college-london', 'wandb_group': 'full_runs', 'wandb_run_name': '', 'wandb_project_name': 'mvvae_scMNC', 'wandb_log_freq': 50, 'wandb_offline': False, 'wandb_local_instance': True, 'dir_logs': '/rds/general/user/eso18/home/mmvmvae/run_scMNC/logs', 'downstream_logging_frequency': 1, 'coherence_logging_frequency': 1, 'img_plotting_frequency': 1, 'fid_logging_frequency': 50, 'val_freq': 1, 'debug': False, 'likelihood_logging_frequency': 1}, 'dataset': {'name': 'scMNC', 'num_workers': 8, 'num_views': 2, 'dir_data': '/rds/general/user/eso18/home/mmvmvae/data/scMNC', 'num_labels': 6, 'dir_clf': '/rds/general/user/eso18/home/mmvmvae/trained_classifiers/scMNC', 'n_clfs_outputs': 6, 'label_names': ['A', 'B', 'C', 'D', 'E', 'F']}, 'model': {'device': 'cuda', 'batch_size': 32, 'batch_size_eval': 64, 'lr': 0.001, 'epochs': 150, 'temp_annealing': 'cosine', 'seed': 2, 'latent_dim': 32, 'hidden_dim': 512, 'early_stop': True, 'beta_annealing': False, 'init_beta_value': 0.0, 'final_beta_value': 1.0, 'schedule': 'cyclical', 'beta_annealing_steps': 250000, 'beta_M': 20, 'beta_R': 0.5, 'use_resnets': True, 'name': 'jointprior', 'alpha_annealing': True, 'init_alpha_value': 1.0, 'final_alpha_value': 0.0, 'alpha_annealing_steps': 150000, 'cov_scalar': 0.19, 'alpha_scalar': 0.9, 'beta': '', 'aggregation': 'avg'}, 'eval': {'num_samples_train': 10000, 'max_iteration': 10000, 'eval_downstream_task': True, 'coherence': True, 'path_inception_weights': '/rds/general/user/eso18/home/mmvmvae/utils/pt_inception-2015-12-05-6726825d.pth'}}","val/loss/loss","/rds/general/user/eso18/home/mmvmvae/trained_classifiers/scMNC","","/rds/general/user/eso18/home/mmvmvae/data/scMNC","","[""A"",""B"",""C"",""D"",""E"",""F""]","","6","scMNC","6","2","8","true","true","10000","10000","/rds/general/user/eso18/home/mmvmvae/utils/pt_inception-2015-12-05-6726825d.pth","1","false","/rds/general/user/eso18/home/mmvmvae/run_scMNC/logs","1","50","1","1","1","eso18-imperial-college-london","full_runs","true","50","false","mvvae_scMNC","","true","150000","32","64","","20","0.5","false","250000","0.19","cuda","true","150","0","1","512","1","0","32","0.001","cyclical","2","cosine","true","0","","1","26","0.8963068127632141","0.8963068127632141","0.08238636702299118","0.7883522510528564","0.08664772659540176","0.8920454382896423","0.703125","0.7045454382896423","2283.1279296875","2283.485595703125","0.9573863744735718","0.9204545617103576","0.9573863744735718","0.9204545617103576","2284.32568359375","182.3932342529297","2439.1298828125","2256.736572265625","","-1338.2666015625","-27.511768341064453","-1338.2666015625","-918.4698486328124","2456","0.8963068127632141","0.8963068127632141","0.08238636702299118","0.7883522510528564","0.08664772659540176","0.9005681872367859","0.7173295617103577","0.7159090638160706","2283.1279296875","2280.730712890625","0.9701704382896424","0.9204545617103576","0.9573863744735718","0.9204545617103576","2284.32568359375","180.109619140625","2464.435546875","2284.325927734375","","-1367.7467041015625","-27.45513153076172","-1367.7467041015625","-916.5790405273438","0.8948863744735718","0.8948863744735718","0.10795454680919649","0.7769886255264282","0.10227272659540176","0.8920454382896423","0.7045454382896423","0.7045454382896423","2280.398193359375","2280.730712890625","0.963068187236786","0.916193187236786","0.963068187236786","0.916193187236786","2278.755126953125","2460.7783203125"
"serene-capybara-504","0.7","avg","jointprior","finished","-","","","2026-04-01T02:27:24.000Z","242","","{'seed': 0, 'checkpoint_metric': 'val/loss/loss', 'log': {'wandb_entity': 'eso18-imperial-college-london', 'wandb_group': 'full_runs', 'wandb_run_name': '', 'wandb_project_name': 'mvvae_scMNC', 'wandb_log_freq': 50, 'wandb_offline': False, 'wandb_local_instance': True, 'dir_logs': '/rds/general/user/eso18/home/mmvmvae/run_scMNC/logs', 'downstream_logging_frequency': 1, 'coherence_logging_frequency': 1, 'img_plotting_frequency': 1, 'fid_logging_frequency': 50, 'val_freq': 1, 'debug': False, 'likelihood_logging_frequency': 1}, 'dataset': {'name': 'scMNC', 'num_workers': 8, 'num_views': 2, 'dir_data': '/rds/general/user/eso18/home/mmvmvae/data/scMNC', 'num_labels': 6, 'dir_clf': '/rds/general/user/eso18/home/mmvmvae/trained_classifiers/scMNC', 'n_clfs_outputs': 6, 'label_names': ['A', 'B', 'C', 'D', 'E', 'F']}, 'model': {'device': 'cuda', 'batch_size': 32, 'batch_size_eval': 64, 'lr': 0.001, 'epochs': 150, 'temp_annealing': 'cosine', 'seed': 2, 'latent_dim': 32, 'hidden_dim': 512, 'early_stop': True, 'beta_annealing': False, 'init_beta_value': 0.0, 'final_beta_value': 1.0, 'schedule': 'cyclical', 'beta_annealing_steps': 250000, 'beta_M': 20, 'beta_R': 0.5, 'use_resnets': True, 'name': 'jointprior', 'alpha_annealing': True, 'init_alpha_value': 1.0, 'final_alpha_value': 0.0, 'alpha_annealing_steps': 150000, 'cov_scalar': 0.51, 'alpha_scalar': 0.7, 'beta': '', 'aggregation': 'avg'}, 'eval': {'num_samples_train': 10000, 'max_iteration': 10000, 'eval_downstream_task': True, 'coherence': True, 'path_inception_weights': '/rds/general/user/eso18/home/mmvmvae/utils/pt_inception-2015-12-05-6726825d.pth'}}","val/loss/loss","/rds/general/user/eso18/home/mmvmvae/trained_classifiers/scMNC","","/rds/general/user/eso18/home/mmvmvae/data/scMNC","","[""A"",""B"",""C"",""D"",""E"",""F""]","","6","scMNC","6","2","8","true","true","10000","10000","/rds/general/user/eso18/home/mmvmvae/utils/pt_inception-2015-12-05-6726825d.pth","1","false","/rds/general/user/eso18/home/mmvmvae/run_scMNC/logs","1","50","1","1","1","eso18-imperial-college-london","full_runs","true","50","false","mvvae_scMNC","","true","150000","32","64","","20","0.5","false","250000","0.51","cuda","true","150","0","1","512","1","0","32","0.001","cyclical","2","cosine","true","0","","1","34","0.8934659361839294","0.8934659361839294","0.16477273404598236","0.8181818127632141","0.16335226595401764","0.8778409361839294","0.7102272510528564","0.7102272510528564","2274.142822265625","2274.046142578125","0.9602272510528564","0.9105113744735718","0.9602272510528564","0.9105113744735718","2274.291015625","148.801025390625","2273.567138671875","2124.76611328125","","-1213.776123046875","-27.287717819213867","-1213.776123046875","-910.9900512695312","3184","0.8934659361839294","0.8934659361839294","0.16477273404598236","0.8181818127632141","0.16335226595401764","0.8863636255264282","0.7102272510528564","0.7102272510528564","2274.142822265625","2268.11474609375","0.9701704382896424","0.9105113744735718","0.9602272510528564","0.9105113744735718","2274.291015625","149.03810119628906","2423.328857421875","2274.290771484375","","-1365.7080078125","-27.215612411499023","-1365.7080078125","-908.5826416015624","0.8963068127632141","0.8963068127632141","0.13636364042758942","0.7855113744735718","0.15198864042758942","0.8821022510528564","0.7017045617103577","0.6988636255264282","2271.2861328125","2271.242431640625","0.9573863744735718","0.9147727489471436","0.9573863744735718","0.9147727489471436","2270.52734375","2417.087646484375"
"classic-elevator-503","0.6","avg","jointprior","finished","-","","","2026-04-01T02:25:00.000Z","247","","{'seed': 0, 'checkpoint_metric': 'val/loss/loss', 'log': {'wandb_entity': 'eso18-imperial-college-london', 'wandb_group': 'full_runs', 'wandb_run_name': '', 'wandb_project_name': 'mvvae_scMNC', 'wandb_log_freq': 50, 'wandb_offline': False, 'wandb_local_instance': True, 'dir_logs': '/rds/general/user/eso18/home/mmvmvae/run_scMNC/logs', 'downstream_logging_frequency': 1, 'coherence_logging_frequency': 1, 'img_plotting_frequency': 1, 'fid_logging_frequency': 50, 'val_freq': 1, 'debug': False, 'likelihood_logging_frequency': 1}, 'dataset': {'name': 'scMNC', 'num_workers': 8, 'num_views': 2, 'dir_data': '/rds/general/user/eso18/home/mmvmvae/data/scMNC', 'num_labels': 6, 'dir_clf': '/rds/general/user/eso18/home/mmvmvae/trained_classifiers/scMNC', 'n_clfs_outputs': 6, 'label_names': ['A', 'B', 'C', 'D', 'E', 'F']}, 'model': {'device': 'cuda', 'batch_size': 32, 'batch_size_eval': 64, 'lr': 0.001, 'epochs': 150, 'temp_annealing': 'cosine', 'seed': 2, 'latent_dim': 32, 'hidden_dim': 512, 'early_stop': True, 'beta_annealing': False, 'init_beta_value': 0.0, 'final_beta_value': 1.0, 'schedule': 'cyclical', 'beta_annealing_steps': 250000, 'beta_M': 20, 'beta_R': 0.5, 'use_resnets': True, 'name': 'jointprior', 'alpha_annealing': True, 'init_alpha_value': 1.0, 'final_alpha_value': 0.0, 'alpha_annealing_steps': 150000, 'cov_scalar': 0.64, 'alpha_scalar': 0.6, 'beta': '', 'aggregation': 'avg'}, 'eval': {'num_samples_train': 10000, 'max_iteration': 10000, 'eval_downstream_task': True, 'coherence': True, 'path_inception_weights': '/rds/general/user/eso18/home/mmvmvae/utils/pt_inception-2015-12-05-6726825d.pth'}}","val/loss/loss","/rds/general/user/eso18/home/mmvmvae/trained_classifiers/scMNC","","/rds/general/user/eso18/home/mmvmvae/data/scMNC","","[""A"",""B"",""C"",""D"",""E"",""F""]","","6","scMNC","6","2","8","true","true","10000","10000","/rds/general/user/eso18/home/mmvmvae/utils/pt_inception-2015-12-05-6726825d.pth","1","false","/rds/general/user/eso18/home/mmvmvae/run_scMNC/logs","1","50","1","1","1","eso18-imperial-college-london","full_runs","true","50","false","mvvae_scMNC","","true","150000","32","64","","20","0.5","false","250000","0.64","cuda","true","150","0","1","512","1","0","32","0.001","cyclical","2","cosine","true","0","","1","34","0.8948863744735718","0.8963068127632141","0.16335226595401764","0.8096590638160706","0.19176135957241056","0.8678977489471436","0.703125","0.703125","2278.0751953125","2278.899169921875","0.953125","0.9133522510528564","0.953125","0.9133522510528564","2277.72705078125","148.6045379638672","2275.31298828125","2126.70849609375","","-1219.4232177734375","-27.176746368408203","-1219.4232177734375","-907.2852783203124","3184","0.8948863744735718","0.8963068127632141","0.16335226595401764","0.8096590638160706","0.19176135957241056","0.8892045617103577","0.7102272510528564","0.7116477489471436","2278.0751953125","2270.57666015625","0.96875","0.9133522510528564","0.953125","0.9133522510528564","2277.72705078125","144.95091247558594","2422.677734375","2277.72705078125","","-1365.5684814453125","-27.32272148132324","-1365.5684814453125","-912.1585693359376","0.890625","0.890625","0.1306818127632141","0.7869318127632141","0.19460226595401764","0.8863636255264282","0.6789772510528564","0.6775568127632141","2271.06640625","2270.57666015625","0.9616477489471436","0.9147727489471436","0.9616477489471436","0.9147727489471436","2269.84326171875","2415.49853515625"
"vocal-resonance-502","0.5","avg","jointprior","finished","-","","","2026-04-01T02:24:27.000Z","266","","{'seed': 0, 'checkpoint_metric': 'val/loss/loss', 'log': {'wandb_entity': 'eso18-imperial-college-london', 'wandb_group': 'full_runs', 'wandb_run_name': '', 'wandb_project_name': 'mvvae_scMNC', 'wandb_log_freq': 50, 'wandb_offline': False, 'wandb_local_instance': True, 'dir_logs': '/rds/general/user/eso18/home/mmvmvae/run_scMNC/logs', 'downstream_logging_frequency': 1, 'coherence_logging_frequency': 1, 'img_plotting_frequency': 1, 'fid_logging_frequency': 50, 'val_freq': 1, 'debug': False, 'likelihood_logging_frequency': 1}, 'dataset': {'name': 'scMNC', 'num_workers': 8, 'num_views': 2, 'dir_data': '/rds/general/user/eso18/home/mmvmvae/data/scMNC', 'num_labels': 6, 'dir_clf': '/rds/general/user/eso18/home/mmvmvae/trained_classifiers/scMNC', 'n_clfs_outputs': 6, 'label_names': ['A', 'B', 'C', 'D', 'E', 'F']}, 'model': {'device': 'cuda', 'batch_size': 32, 'batch_size_eval': 64, 'lr': 0.001, 'epochs': 150, 'temp_annealing': 'cosine', 'seed': 2, 'latent_dim': 32, 'hidden_dim': 512, 'early_stop': True, 'beta_annealing': False, 'init_beta_value': 0.0, 'final_beta_value': 1.0, 'schedule': 'cyclical', 'beta_annealing_steps': 250000, 'beta_M': 20, 'beta_R': 0.5, 'use_resnets': True, 'name': 'jointprior', 'alpha_annealing': True, 'init_alpha_value': 1.0, 'final_alpha_value': 0.0, 'alpha_annealing_steps': 150000, 'cov_scalar': 0.75, 'alpha_scalar': 0.5, 'beta': '', 'aggregation': 'avg'}, 'eval': {'num_samples_train': 10000, 'max_iteration': 10000, 'eval_downstream_task': True, 'coherence': True, 'path_inception_weights': '/rds/general/user/eso18/home/mmvmvae/utils/pt_inception-2015-12-05-6726825d.pth'}}","val/loss/loss","/rds/general/user/eso18/home/mmvmvae/trained_classifiers/scMNC","","/rds/general/user/eso18/home/mmvmvae/data/scMNC","","[""A"",""B"",""C"",""D"",""E"",""F""]","","6","scMNC","6","2","8","true","true","10000","10000","/rds/general/user/eso18/home/mmvmvae/utils/pt_inception-2015-12-05-6726825d.pth","1","false","/rds/general/user/eso18/home/mmvmvae/run_scMNC/logs","1","50","1","1","1","eso18-imperial-college-london","full_runs","true","50","false","mvvae_scMNC","","true","150000","32","64","","20","0.5","false","250000","0.75","cuda","true","150","0","1","512","1","0","32","0.001","cyclical","2","cosine","true","0","","1","34","0.8991477489471436","0.8991477489471436","0.19602273404598236","0.8394886255264282","0.20028409361839297","0.8650568127632141","0.6889204382896423","0.6889204382896423","2275.722900390625","2275.78125","0.9573863744735718","0.916193187236786","0.9573863744735718","0.916193187236786","2274.949462890625","149.72003173828125","2279.08984375","2129.3701171875","","-1218.646240234375","-27.279739379882812","-1218.646240234375","-910.7236938476562","3184","0.8991477489471436","0.8991477489471436","0.19602273404598236","0.8394886255264282","0.20028409361839297","0.8977272510528564","0.7002840638160706","0.7017045617103577","2275.722900390625","2270.103271484375","0.96875","0.916193187236786","0.9573863744735718","0.916193187236786","2274.949462890625","146.6426239013672","2421.592041015625","2274.949462890625","","-1365.6876220703125","-27.23594856262207","-1365.6876220703125","-909.2617797851562","0.8963068127632141","0.8963068127632141","0.171875","0.7897727489471436","0.18892045319080353","0.8849431872367859","0.6789772510528564","0.6775568127632141","2270.1005859375","2270.103271484375","0.9502840638160706","0.916193187236786","0.9502840638160706","0.916193187236786","2270.691162109375","2415.2197265625"
"frosty-water-501","0.4","avg","jointprior","finished","-","","","2026-04-01T02:20:40.000Z","239","","{'seed': 0, 'checkpoint_metric': 'val/loss/loss', 'log': {'wandb_entity': 'eso18-imperial-college-london', 'wandb_group': 'full_runs', 'wandb_run_name': '', 'wandb_project_name': 'mvvae_scMNC', 'wandb_log_freq': 50, 'wandb_offline': False, 'wandb_local_instance': True, 'dir_logs': '/rds/general/user/eso18/home/mmvmvae/run_scMNC/logs', 'downstream_logging_frequency': 1, 'coherence_logging_frequency': 1, 'img_plotting_frequency': 1, 'fid_logging_frequency': 50, 'val_freq': 1, 'debug': False, 'likelihood_logging_frequency': 1}, 'dataset': {'name': 'scMNC', 'num_workers': 8, 'num_views': 2, 'dir_data': '/rds/general/user/eso18/home/mmvmvae/data/scMNC', 'num_labels': 6, 'dir_clf': '/rds/general/user/eso18/home/mmvmvae/trained_classifiers/scMNC', 'n_clfs_outputs': 6, 'label_names': ['A', 'B', 'C', 'D', 'E', 'F']}, 'model': {'device': 'cuda', 'batch_size': 32, 'batch_size_eval': 64, 'lr': 0.001, 'epochs': 150, 'temp_annealing': 'cosine', 'seed': 2, 'latent_dim': 32, 'hidden_dim': 512, 'early_stop': True, 'beta_annealing': False, 'init_beta_value': 0.0, 'final_beta_value': 1.0, 'schedule': 'cyclical', 'beta_annealing_steps': 250000, 'beta_M': 20, 'beta_R': 0.5, 'use_resnets': True, 'name': 'jointprior', 'alpha_annealing': True, 'init_alpha_value': 1.0, 'final_alpha_value': 0.0, 'alpha_annealing_steps': 150000, 'cov_scalar': 0.84, 'alpha_scalar': 0.4, 'beta': '', 'aggregation': 'avg'}, 'eval': {'num_samples_train': 10000, 'max_iteration': 10000, 'eval_downstream_task': True, 'coherence': True, 'path_inception_weights': '/rds/general/user/eso18/home/mmvmvae/utils/pt_inception-2015-12-05-6726825d.pth'}}","val/loss/loss","/rds/general/user/eso18/home/mmvmvae/trained_classifiers/scMNC","","/rds/general/user/eso18/home/mmvmvae/data/scMNC","","[""A"",""B"",""C"",""D"",""E"",""F""]","","6","scMNC","6","2","8","true","true","10000","10000","/rds/general/user/eso18/home/mmvmvae/utils/pt_inception-2015-12-05-6726825d.pth","1","false","/rds/general/user/eso18/home/mmvmvae/run_scMNC/logs","1","50","1","1","1","eso18-imperial-college-london","full_runs","true","50","false","mvvae_scMNC","","true","150000","32","64","","20","0.5","false","250000","0.84","cuda","true","150","0","1","512","1","0","32","0.001","cyclical","2","cosine","true","0","","1","34","0.9005681872367859","0.9005681872367859","0.21732954680919647","0.8181818127632141","0.20028409361839297","0.8678977489471436","0.6960227489471436","0.6946022510528564","2279.43505859375","2279.52734375","0.953125","0.90625","0.953125","0.90625","2278.3310546875","149.66107177734375","2273.255126953125","2123.59375","","-1218.015380859375","-27.125619888305664","-1218.015380859375","-905.5784301757812","3184","0.9005681872367859","0.9005681872367859","0.21732954680919647","0.8181818127632141","0.20028409361839297","0.8835227489471436","0.7073863744735718","0.7088068127632141","2279.43505859375","2270.99072265625","0.9701704382896424","0.90625","0.953125","0.90625","2278.3310546875","147.1982879638672","2425.529296875","2278.330810546875","","-1366.8885498046875","-27.30126953125","-1366.8885498046875","-911.4424438476562","0.8977272510528564","0.8977272510528564","0.18607954680919647","0.7940340638160706","0.16051135957241058","0.875","0.6860795617103577","0.6860795617103577","2271.689453125","2272.548583984375","0.953125","0.9232954382896424","0.953125","0.9232954382896424","2271.896484375","2417.597900390625"
"happy-silence-500","0.3","avg","jointprior","finished","-","","","2026-04-01T02:18:19.000Z","247","","{'seed': 0, 'checkpoint_metric': 'val/loss/loss', 'log': {'wandb_entity': 'eso18-imperial-college-london', 'wandb_group': 'full_runs', 'wandb_run_name': '', 'wandb_project_name': 'mvvae_scMNC', 'wandb_log_freq': 50, 'wandb_offline': False, 'wandb_local_instance': True, 'dir_logs': '/rds/general/user/eso18/home/mmvmvae/run_scMNC/logs', 'downstream_logging_frequency': 1, 'coherence_logging_frequency': 1, 'img_plotting_frequency': 1, 'fid_logging_frequency': 50, 'val_freq': 1, 'debug': False, 'likelihood_logging_frequency': 1}, 'dataset': {'name': 'scMNC', 'num_workers': 8, 'num_views': 2, 'dir_data': '/rds/general/user/eso18/home/mmvmvae/data/scMNC', 'num_labels': 6, 'dir_clf': '/rds/general/user/eso18/home/mmvmvae/trained_classifiers/scMNC', 'n_clfs_outputs': 6, 'label_names': ['A', 'B', 'C', 'D', 'E', 'F']}, 'model': {'device': 'cuda', 'batch_size': 32, 'batch_size_eval': 64, 'lr': 0.001, 'epochs': 150, 'temp_annealing': 'cosine', 'seed': 2, 'latent_dim': 32, 'hidden_dim': 512, 'early_stop': True, 'beta_annealing': False, 'init_beta_value': 0.0, 'final_beta_value': 1.0, 'schedule': 'cyclical', 'beta_annealing_steps': 250000, 'beta_M': 20, 'beta_R': 0.5, 'use_resnets': True, 'name': 'jointprior', 'alpha_annealing': True, 'init_alpha_value': 1.0, 'final_alpha_value': 0.0, 'alpha_annealing_steps': 150000, 'cov_scalar': 0.91, 'alpha_scalar': 0.3, 'beta': '', 'aggregation': 'avg'}, 'eval': {'num_samples_train': 10000, 'max_iteration': 10000, 'eval_downstream_task': True, 'coherence': True, 'path_inception_weights': '/rds/general/user/eso18/home/mmvmvae/utils/pt_inception-2015-12-05-6726825d.pth'}}","val/loss/loss","/rds/general/user/eso18/home/mmvmvae/trained_classifiers/scMNC","","/rds/general/user/eso18/home/mmvmvae/data/scMNC","","[""A"",""B"",""C"",""D"",""E"",""F""]","","6","scMNC","6","2","8","true","true","10000","10000","/rds/general/user/eso18/home/mmvmvae/utils/pt_inception-2015-12-05-6726825d.pth","1","false","/rds/general/user/eso18/home/mmvmvae/run_scMNC/logs","1","50","1","1","1","eso18-imperial-college-london","full_runs","true","50","false","mvvae_scMNC","","true","150000","32","64","","20","0.5","false","250000","0.91","cuda","true","150","0","1","512","1","0","32","0.001","cyclical","2","cosine","true","0","","1","34","0.9005681872367859","0.9005681872367859","0.2286931872367859","0.8267045617103577","0.22301135957241056","0.8721590638160706","0.7002840638160706","0.7002840638160706","2275.90234375","2276.48681640625","0.947443187236786","0.916193187236786","0.947443187236786","0.916193187236786","2275.001220703125","151.2086944580078","2270.69091796875","2119.482177734375","","-1215.0792236328125","-27.090408325195312","-1215.0792236328125","-904.4029541015624","3184","0.9005681872367859","0.9005681872367859","0.2286931872367859","0.8267045617103577","0.22301135957241056","0.8806818127632141","0.7201704382896423","0.7201704382896423","2275.90234375","2270.53271484375","0.9730113744735718","0.916193187236786","0.947443187236786","0.916193187236786","2275.001220703125","148.97218322753906","2423.973388671875","2275.00146484375","","-1366.45458984375","-27.21453285217285","-1366.45458984375","-908.5466918945312","0.8948863744735718","0.8948863744735718","0.1775568127632141","0.7911931872367859","0.18039773404598236","0.8650568127632141","0.6917613744735718","0.6917613744735718","2271.4873046875","2271.61328125","0.947443187236786","0.9176136255264282","0.947443187236786","0.9176136255264282","2271.213134765625","2418.72021484375"
"helpful-lake-499","0.2","avg","jointprior","finished","-","","","2026-04-01T02:14:56.000Z","277","","{'seed': 0, 'checkpoint_metric': 'val/loss/loss', 'log': {'wandb_entity': 'eso18-imperial-college-london', 'wandb_group': 'full_runs', 'wandb_run_name': '', 'wandb_project_name': 'mvvae_scMNC', 'wandb_log_freq': 50, 'wandb_offline': False, 'wandb_local_instance': True, 'dir_logs': '/rds/general/user/eso18/home/mmvmvae/run_scMNC/logs', 'downstream_logging_frequency': 1, 'coherence_logging_frequency': 1, 'img_plotting_frequency': 1, 'fid_logging_frequency': 50, 'val_freq': 1, 'debug': False, 'likelihood_logging_frequency': 1}, 'dataset': {'name': 'scMNC', 'num_workers': 8, 'num_views': 2, 'dir_data': '/rds/general/user/eso18/home/mmvmvae/data/scMNC', 'num_labels': 6, 'dir_clf': '/rds/general/user/eso18/home/mmvmvae/trained_classifiers/scMNC', 'n_clfs_outputs': 6, 'label_names': ['A', 'B', 'C', 'D', 'E', 'F']}, 'model': {'device': 'cuda', 'batch_size': 32, 'batch_size_eval': 64, 'lr': 0.001, 'epochs': 150, 'temp_annealing': 'cosine', 'seed': 2, 'latent_dim': 32, 'hidden_dim': 512, 'early_stop': True, 'beta_annealing': False, 'init_beta_value': 0.0, 'final_beta_value': 1.0, 'schedule': 'cyclical', 'beta_annealing_steps': 250000, 'beta_M': 20, 'beta_R': 0.5, 'use_resnets': True, 'name': 'jointprior', 'alpha_annealing': True, 'init_alpha_value': 1.0, 'final_alpha_value': 0.0, 'alpha_annealing_steps': 150000, 'cov_scalar': 0.96, 'alpha_scalar': 0.2, 'beta': '', 'aggregation': 'avg'}, 'eval': {'num_samples_train': 10000, 'max_iteration': 10000, 'eval_downstream_task': True, 'coherence': True, 'path_inception_weights': '/rds/general/user/eso18/home/mmvmvae/utils/pt_inception-2015-12-05-6726825d.pth'}}","val/loss/loss","/rds/general/user/eso18/home/mmvmvae/trained_classifiers/scMNC","","/rds/general/user/eso18/home/mmvmvae/data/scMNC","","[""A"",""B"",""C"",""D"",""E"",""F""]","","6","scMNC","6","2","8","true","true","10000","10000","/rds/general/user/eso18/home/mmvmvae/utils/pt_inception-2015-12-05-6726825d.pth","1","false","/rds/general/user/eso18/home/mmvmvae/run_scMNC/logs","1","50","1","1","1","eso18-imperial-college-london","full_runs","true","50","false","mvvae_scMNC","","true","150000","32","64","","20","0.5","false","250000","0.96","cuda","true","150","0","1","512","1","0","32","0.001","cyclical","2","cosine","true","0","","1","35","0.8977272510528564","0.8977272510528564","0.19602273404598236","0.8068181872367859","0.20028409361839297","0.8792613744735718","0.7002840638160706","0.7002840638160706","2272.72802734375","2272.349609375","0.9644886255264282","0.9147727489471436","0.9644886255264282","0.9147727489471436","2273.147705078125","150.1448974609375","2487.22900390625","2337.08447265625","","-1373.1300048828125","-28.87420654296875","-1373.1300048828125","-963.9542846679688","3275","0.8977272510528564","0.8977272510528564","0.19602273404598236","0.8068181872367859","0.20028409361839297","0.8792613744735718","0.7130681872367859","0.7116477489471436","2272.72802734375","2272.349609375","0.9673295617103576","0.9147727489471436","0.9644886255264282","0.9147727489471436","2273.147705078125","150.25836181640625","2423.40625","2273.1474609375","","-1364.6397705078125","-27.21336555480957","-1364.6397705078125","-908.5078125","0.9005681872367859","0.9005681872367859","0.2088068127632141","0.7883522510528564","0.19886364042758944","0.8693181872367859","0.6946022510528564","0.6903409361839294","2272.32861328125","2272.480224609375","0.9659090638160706","0.9147727489471436","0.9659090638160706","0.9147727489471436","2274.00390625","2422.781494140625"
"robust-dream-498","0.15","avg","jointprior","finished","-","","","2026-04-01T02:13:57.000Z","247","","{'seed': 0, 'checkpoint_metric': 'val/loss/loss', 'log': {'wandb_entity': 'eso18-imperial-college-london', 'wandb_group': 'full_runs', 'wandb_run_name': '', 'wandb_project_name': 'mvvae_scMNC', 'wandb_log_freq': 50, 'wandb_offline': False, 'wandb_local_instance': True, 'dir_logs': '/rds/general/user/eso18/home/mmvmvae/run_scMNC/logs', 'downstream_logging_frequency': 1, 'coherence_logging_frequency': 1, 'img_plotting_frequency': 1, 'fid_logging_frequency': 50, 'val_freq': 1, 'debug': False, 'likelihood_logging_frequency': 1}, 'dataset': {'name': 'scMNC', 'num_workers': 8, 'num_views': 2, 'dir_data': '/rds/general/user/eso18/home/mmvmvae/data/scMNC', 'num_labels': 6, 'dir_clf': '/rds/general/user/eso18/home/mmvmvae/trained_classifiers/scMNC', 'n_clfs_outputs': 6, 'label_names': ['A', 'B', 'C', 'D', 'E', 'F']}, 'model': {'device': 'cuda', 'batch_size': 32, 'batch_size_eval': 64, 'lr': 0.001, 'epochs': 150, 'temp_annealing': 'cosine', 'seed': 2, 'latent_dim': 32, 'hidden_dim': 512, 'early_stop': True, 'beta_annealing': False, 'init_beta_value': 0.0, 'final_beta_value': 1.0, 'schedule': 'cyclical', 'beta_annealing_steps': 250000, 'beta_M': 20, 'beta_R': 0.5, 'use_resnets': True, 'name': 'jointprior', 'alpha_annealing': True, 'init_alpha_value': 1.0, 'final_alpha_value': 0.0, 'alpha_annealing_steps': 150000, 'cov_scalar': 0.9775, 'alpha_scalar': 0.15, 'beta': '', 'aggregation': 'avg'}, 'eval': {'num_samples_train': 10000, 'max_iteration': 10000, 'eval_downstream_task': True, 'coherence': True, 'path_inception_weights': '/rds/general/user/eso18/home/mmvmvae/utils/pt_inception-2015-12-05-6726825d.pth'}}","val/loss/loss","/rds/general/user/eso18/home/mmvmvae/trained_classifiers/scMNC","","/rds/general/user/eso18/home/mmvmvae/data/scMNC","","[""A"",""B"",""C"",""D"",""E"",""F""]","","6","scMNC","6","2","8","true","true","10000","10000","/rds/general/user/eso18/home/mmvmvae/utils/pt_inception-2015-12-05-6726825d.pth","1","false","/rds/general/user/eso18/home/mmvmvae/run_scMNC/logs","1","50","1","1","1","eso18-imperial-college-london","full_runs","true","50","false","mvvae_scMNC","","true","150000","32","64","","20","0.5","false","250000","0.9775","cuda","true","150","0","1","512","1","0","32","0.001","cyclical","2","cosine","true","0","","1","34","0.8991477489471436","0.8991477489471436","0.21448864042758944","0.8096590638160706","0.1974431872367859","0.8693181872367859","0.7002840638160706","0.6988636255264282","2275.710205078125","2275.5625","0.9517045617103576","0.921875","0.9517045617103576","0.921875","2274.456298828125","153.97235107421875","2265.354736328125","2111.38232421875","","-1216.88232421875","-26.79378318786621","-1216.88232421875","-894.500244140625","3184","0.8991477489471436","0.8991477489471436","0.21448864042758944","0.8096590638160706","0.1974431872367859","0.8835227489471436","0.7088068127632141","0.7088068127632141","2275.710205078125","2271.7734375","0.9701704382896424","0.921875","0.9517045617103576","0.921875","2274.456298828125","153.2574005126953","2427.71337890625","2274.456298828125","","-1367.47705078125","-27.167579650878903","-1367.47705078125","-906.979248046875","0.890625","0.890625","0.19886364042758944","0.7997159361839294","0.16761364042758942","0.8835227489471436","0.6846590638160706","0.6818181872367859","2274.401611328125","2274.070556640625","0.953125","0.9289772510528564","0.953125","0.9289772510528564","2273.138427734375","2422.9384765625"
"summer-sunset-497","0.1","avg","jointprior","finished","-","","","2026-04-01T02:06:19.000Z","240","","{'seed': 0, 'checkpoint_metric': 'val/loss/loss', 'log': {'wandb_entity': 'eso18-imperial-college-london', 'wandb_group': 'full_runs', 'wandb_run_name': '', 'wandb_project_name': 'mvvae_scMNC', 'wandb_log_freq': 50, 'wandb_offline': False, 'wandb_local_instance': True, 'dir_logs': '/rds/general/user/eso18/home/mmvmvae/run_scMNC/logs', 'downstream_logging_frequency': 1, 'coherence_logging_frequency': 1, 'img_plotting_frequency': 1, 'fid_logging_frequency': 50, 'val_freq': 1, 'debug': False, 'likelihood_logging_frequency': 1}, 'dataset': {'name': 'scMNC', 'num_workers': 8, 'num_views': 2, 'dir_data': '/rds/general/user/eso18/home/mmvmvae/data/scMNC', 'num_labels': 6, 'dir_clf': '/rds/general/user/eso18/home/mmvmvae/trained_classifiers/scMNC', 'n_clfs_outputs': 6, 'label_names': ['A', 'B', 'C', 'D', 'E', 'F']}, 'model': {'device': 'cuda', 'batch_size': 32, 'batch_size_eval': 64, 'lr': 0.001, 'epochs': 150, 'temp_annealing': 'cosine', 'seed': 2, 'latent_dim': 32, 'hidden_dim': 512, 'early_stop': True, 'beta_annealing': False, 'init_beta_value': 0.0, 'final_beta_value': 1.0, 'schedule': 'cyclical', 'beta_annealing_steps': 250000, 'beta_M': 20, 'beta_R': 0.5, 'use_resnets': True, 'name': 'jointprior', 'alpha_annealing': True, 'init_alpha_value': 1.0, 'final_alpha_value': 0.0, 'alpha_annealing_steps': 150000, 'cov_scalar': 0.99, 'alpha_scalar': 0.1, 'beta': '', 'aggregation': 'avg'}, 'eval': {'num_samples_train': 10000, 'max_iteration': 10000, 'eval_downstream_task': True, 'coherence': True, 'path_inception_weights': '/rds/general/user/eso18/home/mmvmvae/utils/pt_inception-2015-12-05-6726825d.pth'}}","val/loss/loss","/rds/general/user/eso18/home/mmvmvae/trained_classifiers/scMNC","","/rds/general/user/eso18/home/mmvmvae/data/scMNC","","[""A"",""B"",""C"",""D"",""E"",""F""]","","6","scMNC","6","2","8","true","true","10000","10000","/rds/general/user/eso18/home/mmvmvae/utils/pt_inception-2015-12-05-6726825d.pth","1","false","/rds/general/user/eso18/home/mmvmvae/run_scMNC/logs","1","50","1","1","1","eso18-imperial-college-london","full_runs","true","50","false","mvvae_scMNC","","true","150000","32","64","","20","0.5","false","250000","0.99","cuda","true","150","0","1","512","1","0","32","0.001","cyclical","2","cosine","true","0","","1","34","0.9005681872367859","0.9005681872367859","0.2400568127632141","0.8068181872367859","0.19602273404598236","0.8693181872367859","0.7017045617103577","0.7017045617103577","2280.64404296875","2280.91455078125","0.9616477489471436","0.9204545617103576","0.9616477489471436","0.9204545617103576","2279.491455078125","154.55819702148438","2275.77197265625","2121.2138671875","","-1218.896484375","-27.02794075012207","-1218.896484375","-902.3174438476562","3184","0.9005681872367859","0.9005681872367859","0.2400568127632141","0.8068181872367859","0.19602273404598236","0.8835227489471436","0.7017045617103577","0.7017045617103577","2280.64404296875","2273.267578125","0.96875","0.9204545617103576","0.9616477489471436","0.9204545617103576","2279.491455078125","152.36508178710938","2431.85693359375","2279.49169921875","","-1365.2967529296875","-27.38372039794922","-1365.2967529296875","-914.195068359375","0.8849431872367859","0.8849431872367859","0.2514204680919647","0.8082386255264282","0.18465909361839297","0.8721590638160706","0.6803977489471436","0.6775568127632141","2275.870361328125","2276.206787109375","0.9502840638160706","0.9247159361839294","0.9502840638160706","0.9247159361839294","2274.992919921875","2425.052490234375"
"autumn-pyramid-496","0.05","avg","jointprior","finished","-","","","2026-04-01T02:05:55.000Z","246","","{'seed': 0, 'checkpoint_metric': 'val/loss/loss', 'log': {'wandb_entity': 'eso18-imperial-college-london', 'wandb_group': 'full_runs', 'wandb_run_name': '', 'wandb_project_name': 'mvvae_scMNC', 'wandb_log_freq': 50, 'wandb_offline': False, 'wandb_local_instance': True, 'dir_logs': '/rds/general/user/eso18/home/mmvmvae/run_scMNC/logs', 'downstream_logging_frequency': 1, 'coherence_logging_frequency': 1, 'img_plotting_frequency': 1, 'fid_logging_frequency': 50, 'val_freq': 1, 'debug': False, 'likelihood_logging_frequency': 1}, 'dataset': {'name': 'scMNC', 'num_workers': 8, 'num_views': 2, 'dir_data': '/rds/general/user/eso18/home/mmvmvae/data/scMNC', 'num_labels': 6, 'dir_clf': '/rds/general/user/eso18/home/mmvmvae/trained_classifiers/scMNC', 'n_clfs_outputs': 6, 'label_names': ['A', 'B', 'C', 'D', 'E', 'F']}, 'model': {'device': 'cuda', 'batch_size': 32, 'batch_size_eval': 64, 'lr': 0.001, 'epochs': 150, 'temp_annealing': 'cosine', 'seed': 2, 'latent_dim': 32, 'hidden_dim': 512, 'early_stop': True, 'beta_annealing': False, 'init_beta_value': 0.0, 'final_beta_value': 1.0, 'schedule': 'cyclical', 'beta_annealing_steps': 250000, 'beta_M': 20, 'beta_R': 0.5, 'use_resnets': True, 'name': 'jointprior', 'alpha_annealing': True, 'init_alpha_value': 1.0, 'final_alpha_value': 0.0, 'alpha_annealing_steps': 150000, 'cov_scalar': 0.9975, 'alpha_scalar': 0.05, 'beta': '', 'aggregation': 'avg'}, 'eval': {'num_samples_train': 10000, 'max_iteration': 10000, 'eval_downstream_task': True, 'coherence': True, 'path_inception_weights': '/rds/general/user/eso18/home/mmvmvae/utils/pt_inception-2015-12-05-6726825d.pth'}}","val/loss/loss","/rds/general/user/eso18/home/mmvmvae/trained_classifiers/scMNC","","/rds/general/user/eso18/home/mmvmvae/data/scMNC","","[""A"",""B"",""C"",""D"",""E"",""F""]","","6","scMNC","6","2","8","true","true","10000","10000","/rds/general/user/eso18/home/mmvmvae/utils/pt_inception-2015-12-05-6726825d.pth","1","false","/rds/general/user/eso18/home/mmvmvae/run_scMNC/logs","1","50","1","1","1","eso18-imperial-college-london","full_runs","true","50","false","mvvae_scMNC","","true","150000","32","64","","20","0.5","false","250000","0.9975","cuda","true","150","0","1","512","1","0","32","0.001","cyclical","2","cosine","true","0","","1","34","0.8963068127632141","0.8963068127632141","0.24573864042758944","0.7997159361839294","0.20596590638160703","0.8678977489471436","0.6960227489471436","0.6960227489471436","2287.46435546875","2287.05322265625","0.9488636255264282","0.9190340638160706","0.9488636255264282","0.9190340638160706","2286.677001953125","154.6035614013672","2284.031005859375","2129.42724609375","","-1222.291015625","-27.172286987304688","-1222.291015625","-907.1363525390624","3184","0.8963068127632141","0.8963068127632141","0.24573864042758944","0.7997159361839294","0.20596590638160703","0.8778409361839294","0.7088068127632141","0.7088068127632141","2287.46435546875","2277.579345703125","0.9758522510528564","0.9190340638160706","0.9488636255264282","0.9190340638160706","2286.677001953125","152.57891845703125","2439.255859375","2286.677001953125","","-1366.775634765625","-27.55464553833008","-1366.775634765625","-919.9013061523438","0.890625","0.890625","0.23153409361839297","0.7840909361839294","0.18323864042758944","0.8721590638160706","0.6960227489471436","0.6960227489471436","2277.769287109375","2277.579345703125","0.9573863744735718","0.921875","0.9573863744735718","0.921875","2276.712890625","2427.208740234375"
"ruby-tree-495","0.99","avg","jointprior","finished","-","","","2026-04-01T02:04:28.000Z","236","","{'seed': 0, 'checkpoint_metric': 'val/loss/loss', 'log': {'wandb_entity': 'eso18-imperial-college-london', 'wandb_group': 'full_runs', 'wandb_run_name': '', 'wandb_project_name': 'mvvae_scMNC', 'wandb_log_freq': 50, 'wandb_offline': False, 'wandb_local_instance': True, 'dir_logs': '/rds/general/user/eso18/home/mmvmvae/run_scMNC/logs', 'downstream_logging_frequency': 1, 'coherence_logging_frequency': 1, 'img_plotting_frequency': 1, 'fid_logging_frequency': 50, 'val_freq': 1, 'debug': False, 'likelihood_logging_frequency': 1}, 'dataset': {'name': 'scMNC', 'num_workers': 8, 'num_views': 2, 'dir_data': '/rds/general/user/eso18/home/mmvmvae/data/scMNC', 'num_labels': 6, 'dir_clf': '/rds/general/user/eso18/home/mmvmvae/trained_classifiers/scMNC', 'n_clfs_outputs': 6, 'label_names': ['A', 'B', 'C', 'D', 'E', 'F']}, 'model': {'device': 'cuda', 'batch_size': 32, 'batch_size_eval': 64, 'lr': 0.001, 'epochs': 150, 'temp_annealing': 'cosine', 'seed': 1, 'latent_dim': 32, 'hidden_dim': 512, 'early_stop': True, 'beta_annealing': False, 'init_beta_value': 0.0, 'final_beta_value': 1.0, 'schedule': 'cyclical', 'beta_annealing_steps': 250000, 'beta_M': 20, 'beta_R': 0.5, 'use_resnets': True, 'name': 'jointprior', 'alpha_annealing': True, 'init_alpha_value': 1.0, 'final_alpha_value': 0.0, 'alpha_annealing_steps': 150000, 'cov_scalar': 0.0199, 'alpha_scalar': 0.99, 'beta': '', 'aggregation': 'avg'}, 'eval': {'num_samples_train': 10000, 'max_iteration': 10000, 'eval_downstream_task': True, 'coherence': True, 'path_inception_weights': '/rds/general/user/eso18/home/mmvmvae/utils/pt_inception-2015-12-05-6726825d.pth'}}","val/loss/loss","/rds/general/user/eso18/home/mmvmvae/trained_classifiers/scMNC","","/rds/general/user/eso18/home/mmvmvae/data/scMNC","","[""A"",""B"",""C"",""D"",""E"",""F""]","","6","scMNC","6","2","8","true","true","10000","10000","/rds/general/user/eso18/home/mmvmvae/utils/pt_inception-2015-12-05-6726825d.pth","1","false","/rds/general/user/eso18/home/mmvmvae/run_scMNC/logs","1","50","1","1","1","eso18-imperial-college-london","full_runs","true","50","false","mvvae_scMNC","","true","150000","32","64","","20","0.5","false","250000","0.0199","cuda","true","150","0","1","512","1","0","32","0.001","cyclical","1","cosine","true","0","","1","31","0.90625","0.90625","0.14346590638160706","0.7642045617103577","0.09232954680919649","0.9105113744735718","0.6974431872367859","0.6960227489471436","2265.78369140625","2265.62060546875","0.9715909361839294","0.9261363744735718","0.9715909361839294","0.9261363744735718","2268.169921875","277.12646484375","2568.0576171875","2290.931396484375","","-1363.63671875","-27.776105880737305","-1363.63671875","-927.294677734375","2911","0.90625","0.90625","0.14346590638160706","0.7642045617103577","0.09232954680919649","0.911931812763214","0.7315340638160706","0.7315340638160706","2265.78369140625","2263.474609375","0.9758522510528564","0.9261363744735718","0.9715909361839294","0.9261363744735718","2268.169921875","297.8127136230469","2565.982177734375","2268.169677734375","","-1374.5885009765625","-26.766252517700195","-1374.5885009765625","-893.5811157226562","0.8920454382896423","0.8920454382896423","0.1619318127632141","0.71875","0.09517045319080351","0.8934659361839294","0.6946022510528564","0.6946022510528564","2268.686767578125","2268.549072265625","0.963068187236786","0.9247159361839294","0.963068187236786","0.9247159361839294","2265.442626953125","2564.304443359375"
"light-thunder-494","0.97","avg","jointprior","finished","-","","","2026-04-01T02:00:06.000Z","220","","{'seed': 0, 'checkpoint_metric': 'val/loss/loss', 'log': {'wandb_entity': 'eso18-imperial-college-london', 'wandb_group': 'full_runs', 'wandb_run_name': '', 'wandb_project_name': 'mvvae_scMNC', 'wandb_log_freq': 50, 'wandb_offline': False, 'wandb_local_instance': True, 'dir_logs': '/rds/general/user/eso18/home/mmvmvae/run_scMNC/logs', 'downstream_logging_frequency': 1, 'coherence_logging_frequency': 1, 'img_plotting_frequency': 1, 'fid_logging_frequency': 50, 'val_freq': 1, 'debug': False, 'likelihood_logging_frequency': 1}, 'dataset': {'name': 'scMNC', 'num_workers': 8, 'num_views': 2, 'dir_data': '/rds/general/user/eso18/home/mmvmvae/data/scMNC', 'num_labels': 6, 'dir_clf': '/rds/general/user/eso18/home/mmvmvae/trained_classifiers/scMNC', 'n_clfs_outputs': 6, 'label_names': ['A', 'B', 'C', 'D', 'E', 'F']}, 'model': {'device': 'cuda', 'batch_size': 32, 'batch_size_eval': 64, 'lr': 0.001, 'epochs': 150, 'temp_annealing': 'cosine', 'seed': 1, 'latent_dim': 32, 'hidden_dim': 512, 'early_stop': True, 'beta_annealing': False, 'init_beta_value': 0.0, 'final_beta_value': 1.0, 'schedule': 'cyclical', 'beta_annealing_steps': 250000, 'beta_M': 20, 'beta_R': 0.5, 'use_resnets': True, 'name': 'jointprior', 'alpha_annealing': True, 'init_alpha_value': 1.0, 'final_alpha_value': 0.0, 'alpha_annealing_steps': 150000, 'cov_scalar': 0.0591, 'alpha_scalar': 0.97, 'beta': '', 'aggregation': 'avg'}, 'eval': {'num_samples_train': 10000, 'max_iteration': 10000, 'eval_downstream_task': True, 'coherence': True, 'path_inception_weights': '/rds/general/user/eso18/home/mmvmvae/utils/pt_inception-2015-12-05-6726825d.pth'}}","val/loss/loss","/rds/general/user/eso18/home/mmvmvae/trained_classifiers/scMNC","","/rds/general/user/eso18/home/mmvmvae/data/scMNC","","[""A"",""B"",""C"",""D"",""E"",""F""]","","6","scMNC","6","2","8","true","true","10000","10000","/rds/general/user/eso18/home/mmvmvae/utils/pt_inception-2015-12-05-6726825d.pth","1","false","/rds/general/user/eso18/home/mmvmvae/run_scMNC/logs","1","50","1","1","1","eso18-imperial-college-london","full_runs","true","50","false","mvvae_scMNC","","true","150000","32","64","","20","0.5","false","250000","0.0591","cuda","true","150","0","1","512","1","0","32","0.001","cyclical","1","cosine","true","0","","1","31","0.8963068127632141","0.8963068127632141","0.11505682021379472","0.7613636255264282","0.18323864042758944","0.9034090638160706","0.703125","0.703125","2268.624755859375","2268.874267578125","0.96875","0.9247159361839294","0.96875","0.9247159361839294","2272.674560546875","225.23248291015625","2516.825927734375","2291.59326171875","","-1365.8155517578125","-27.73067092895508","-1365.8155517578125","-925.77783203125","2911","0.8963068127632141","0.8963068127632141","0.11505682021379472","0.7613636255264282","0.18323864042758944","0.9076704382896424","0.734375","0.734375","2268.624755859375","2259.923828125","0.9772727489471436","0.9247159361839294","0.96875","0.9247159361839294","2272.674560546875","238.71771240234375","2511.392333984375","2272.674560546875","","-1371.8505859375","-26.983203887939453","-1371.8505859375","-900.823974609375","0.8991477489471436","0.8991477489471436","0.12357954680919649","0.7471590638160706","0.16903409361839294","0.8977272510528564","0.6917613744735718","0.6917613744735718","2260.98974609375","2260.6474609375","0.974431812763214","0.9232954382896424","0.974431812763214","0.9232954382896424","2259.168701171875","2498.8916015625"
"glamorous-dragon-493","0.95","avg","jointprior","finished","-","","","2026-04-01T01:59:37.000Z","228","","{'seed': 0, 'checkpoint_metric': 'val/loss/loss', 'log': {'wandb_entity': 'eso18-imperial-college-london', 'wandb_group': 'full_runs', 'wandb_run_name': '', 'wandb_project_name': 'mvvae_scMNC', 'wandb_log_freq': 50, 'wandb_offline': False, 'wandb_local_instance': True, 'dir_logs': '/rds/general/user/eso18/home/mmvmvae/run_scMNC/logs', 'downstream_logging_frequency': 1, 'coherence_logging_frequency': 1, 'img_plotting_frequency': 1, 'fid_logging_frequency': 50, 'val_freq': 1, 'debug': False, 'likelihood_logging_frequency': 1}, 'dataset': {'name': 'scMNC', 'num_workers': 8, 'num_views': 2, 'dir_data': '/rds/general/user/eso18/home/mmvmvae/data/scMNC', 'num_labels': 6, 'dir_clf': '/rds/general/user/eso18/home/mmvmvae/trained_classifiers/scMNC', 'n_clfs_outputs': 6, 'label_names': ['A', 'B', 'C', 'D', 'E', 'F']}, 'model': {'device': 'cuda', 'batch_size': 32, 'batch_size_eval': 64, 'lr': 0.001, 'epochs': 150, 'temp_annealing': 'cosine', 'seed': 1, 'latent_dim': 32, 'hidden_dim': 512, 'early_stop': True, 'beta_annealing': False, 'init_beta_value': 0.0, 'final_beta_value': 1.0, 'schedule': 'cyclical', 'beta_annealing_steps': 250000, 'beta_M': 20, 'beta_R': 0.5, 'use_resnets': True, 'name': 'jointprior', 'alpha_annealing': True, 'init_alpha_value': 1.0, 'final_alpha_value': 0.0, 'alpha_annealing_steps': 150000, 'cov_scalar': 0.0975, 'alpha_scalar': 0.95, 'beta': '', 'aggregation': 'avg'}, 'eval': {'num_samples_train': 10000, 'max_iteration': 10000, 'eval_downstream_task': True, 'coherence': True, 'path_inception_weights': '/rds/general/user/eso18/home/mmvmvae/utils/pt_inception-2015-12-05-6726825d.pth'}}","val/loss/loss","/rds/general/user/eso18/home/mmvmvae/trained_classifiers/scMNC","","/rds/general/user/eso18/home/mmvmvae/data/scMNC","","[""A"",""B"",""C"",""D"",""E"",""F""]","","6","scMNC","6","2","8","true","true","10000","10000","/rds/general/user/eso18/home/mmvmvae/utils/pt_inception-2015-12-05-6726825d.pth","1","false","/rds/general/user/eso18/home/mmvmvae/run_scMNC/logs","1","50","1","1","1","eso18-imperial-college-london","full_runs","true","50","false","mvvae_scMNC","","true","150000","32","64","","20","0.5","false","250000","0.0975","cuda","true","150","0","1","512","1","0","32","0.001","cyclical","1","cosine","true","0","","1","31","0.8977272510528564","0.8977272510528564","0.16335226595401764","0.7798295617103577","0.22727273404598236","0.8920454382896423","0.7144886255264282","0.7144886255264282","2267.203125","2267.415283203125","0.9659090638160706","0.9232954382896424","0.9659090638160706","0.9232954382896424","2269.61181640625","204.5406188964844","2504.159912109375","2299.619140625","","-1362.4405517578125","-28.07217025756836","-1362.4405517578125","-937.1785888671876","2911","0.8977272510528564","0.8977272510528564","0.16335226595401764","0.7798295617103577","0.22727273404598236","0.9048295617103576","0.7173295617103577","0.71875","2267.203125","2261.46240234375","0.9772727489471436","0.9232954382896424","0.9659090638160706","0.9232954382896424","2269.61181640625","211.2953186035156","2480.9072265625","2269.612060546875","","-1370.3707275390625","-26.935791015625","-1370.3707275390625","-899.2412109375","0.9034090638160706","0.9034090638160706","0.16477273404598236","0.7727272510528564","0.23011364042758944","0.9019886255264282","0.6946022510528564","0.6974431872367859","2261.798828125","2261.46240234375","0.96875","0.9176136255264282","0.96875","0.9176136255264282","2263.27734375","2476.606201171875"
"curious-dew-492","0.93","avg","jointprior","finished","-","","","2026-04-01T01:57:42.000Z","240","","{'seed': 0, 'checkpoint_metric': 'val/loss/loss', 'log': {'wandb_entity': 'eso18-imperial-college-london', 'wandb_group': 'full_runs', 'wandb_run_name': '', 'wandb_project_name': 'mvvae_scMNC', 'wandb_log_freq': 50, 'wandb_offline': False, 'wandb_local_instance': True, 'dir_logs': '/rds/general/user/eso18/home/mmvmvae/run_scMNC/logs', 'downstream_logging_frequency': 1, 'coherence_logging_frequency': 1, 'img_plotting_frequency': 1, 'fid_logging_frequency': 50, 'val_freq': 1, 'debug': False, 'likelihood_logging_frequency': 1}, 'dataset': {'name': 'scMNC', 'num_workers': 8, 'num_views': 2, 'dir_data': '/rds/general/user/eso18/home/mmvmvae/data/scMNC', 'num_labels': 6, 'dir_clf': '/rds/general/user/eso18/home/mmvmvae/trained_classifiers/scMNC', 'n_clfs_outputs': 6, 'label_names': ['A', 'B', 'C', 'D', 'E', 'F']}, 'model': {'device': 'cuda', 'batch_size': 32, 'batch_size_eval': 64, 'lr': 0.001, 'epochs': 150, 'temp_annealing': 'cosine', 'seed': 1, 'latent_dim': 32, 'hidden_dim': 512, 'early_stop': True, 'beta_annealing': False, 'init_beta_value': 0.0, 'final_beta_value': 1.0, 'schedule': 'cyclical', 'beta_annealing_steps': 250000, 'beta_M': 20, 'beta_R': 0.5, 'use_resnets': True, 'name': 'jointprior', 'alpha_annealing': True, 'init_alpha_value': 1.0, 'final_alpha_value': 0.0, 'alpha_annealing_steps': 150000, 'cov_scalar': 0.1351, 'alpha_scalar': 0.93, 'beta': '', 'aggregation': 'avg'}, 'eval': {'num_samples_train': 10000, 'max_iteration': 10000, 'eval_downstream_task': True, 'coherence': True, 'path_inception_weights': '/rds/general/user/eso18/home/mmvmvae/utils/pt_inception-2015-12-05-6726825d.pth'}}","val/loss/loss","/rds/general/user/eso18/home/mmvmvae/trained_classifiers/scMNC","","/rds/general/user/eso18/home/mmvmvae/data/scMNC","","[""A"",""B"",""C"",""D"",""E"",""F""]","","6","scMNC","6","2","8","true","true","10000","10000","/rds/general/user/eso18/home/mmvmvae/utils/pt_inception-2015-12-05-6726825d.pth","1","false","/rds/general/user/eso18/home/mmvmvae/run_scMNC/logs","1","50","1","1","1","eso18-imperial-college-london","full_runs","true","50","false","mvvae_scMNC","","true","150000","32","64","","20","0.5","false","250000","0.1351","cuda","true","150","0","1","512","1","0","32","0.001","cyclical","1","cosine","true","0","","1","31","0.8963068127632141","0.8963068127632141","0.17471590638160706","0.7911931872367859","0.23011364042758944","0.9005681872367859","0.6889204382896423","0.6875","2265.68896484375","2265.688720703125","0.96875","0.927556812763214","0.96875","0.927556812763214","2267.31640625","192.6531982421875","2475.542724609375","2282.8896484375","","-1358.760498046875","-27.68128204345703","-1358.760498046875","-924.1290283203124","2911","0.8963068127632141","0.8963068127632141","0.17471590638160706","0.7911931872367859","0.23011364042758944","0.9048295617103576","0.7102272510528564","0.7116477489471436","2265.68896484375","2265.237548828125","0.9715909361839294","0.927556812763214","0.96875","0.927556812763214","2267.31640625","195.95814514160156","2463.2744140625","2267.316162109375","","-1368.765625","-26.915111541748047","-1368.765625","-898.55078125","0.8963068127632141","0.8963068127632141","0.1818181872367859","0.7428977489471436","0.23153409361839297","0.8963068127632141","0.6974431872367859","0.6960227489471436","2264.975341796875","2265.237548828125","0.963068187236786","0.9232954382896424","0.963068187236786","0.9232954382896424","2264.469970703125","2460.41455078125"
"peach-smoke-491","0.9","avg","jointprior","finished","-","","","2026-04-01T01:56:12.000Z","243","","{'seed': 0, 'checkpoint_metric': 'val/loss/loss', 'log': {'wandb_entity': 'eso18-imperial-college-london', 'wandb_group': 'full_runs', 'wandb_run_name': '', 'wandb_project_name': 'mvvae_scMNC', 'wandb_log_freq': 50, 'wandb_offline': False, 'wandb_local_instance': True, 'dir_logs': '/rds/general/user/eso18/home/mmvmvae/run_scMNC/logs', 'downstream_logging_frequency': 1, 'coherence_logging_frequency': 1, 'img_plotting_frequency': 1, 'fid_logging_frequency': 50, 'val_freq': 1, 'debug': False, 'likelihood_logging_frequency': 1}, 'dataset': {'name': 'scMNC', 'num_workers': 8, 'num_views': 2, 'dir_data': '/rds/general/user/eso18/home/mmvmvae/data/scMNC', 'num_labels': 6, 'dir_clf': '/rds/general/user/eso18/home/mmvmvae/trained_classifiers/scMNC', 'n_clfs_outputs': 6, 'label_names': ['A', 'B', 'C', 'D', 'E', 'F']}, 'model': {'device': 'cuda', 'batch_size': 32, 'batch_size_eval': 64, 'lr': 0.001, 'epochs': 150, 'temp_annealing': 'cosine', 'seed': 1, 'latent_dim': 32, 'hidden_dim': 512, 'early_stop': True, 'beta_annealing': False, 'init_beta_value': 0.0, 'final_beta_value': 1.0, 'schedule': 'cyclical', 'beta_annealing_steps': 250000, 'beta_M': 20, 'beta_R': 0.5, 'use_resnets': True, 'name': 'jointprior', 'alpha_annealing': True, 'init_alpha_value': 1.0, 'final_alpha_value': 0.0, 'alpha_annealing_steps': 150000, 'cov_scalar': 0.19, 'alpha_scalar': 0.9, 'beta': '', 'aggregation': 'avg'}, 'eval': {'num_samples_train': 10000, 'max_iteration': 10000, 'eval_downstream_task': True, 'coherence': True, 'path_inception_weights': '/rds/general/user/eso18/home/mmvmvae/utils/pt_inception-2015-12-05-6726825d.pth'}}","val/loss/loss","/rds/general/user/eso18/home/mmvmvae/trained_classifiers/scMNC","","/rds/general/user/eso18/home/mmvmvae/data/scMNC","","[""A"",""B"",""C"",""D"",""E"",""F""]","","6","scMNC","6","2","8","true","true","10000","10000","/rds/general/user/eso18/home/mmvmvae/utils/pt_inception-2015-12-05-6726825d.pth","1","false","/rds/general/user/eso18/home/mmvmvae/run_scMNC/logs","1","50","1","1","1","eso18-imperial-college-london","full_runs","true","50","false","mvvae_scMNC","","true","150000","32","64","","20","0.5","false","250000","0.19","cuda","true","150","0","1","512","1","0","32","0.001","cyclical","1","cosine","true","0","","1","31","0.9048295617103576","0.90625","0.21875","0.7542613744735718","0.2244318127632141","0.8934659361839294","0.6889204382896423","0.6903409361839294","2270.31787109375","2269.749267578125","0.9673295617103576","0.921875","0.9673295617103576","0.921875","2271.4833984375","178.8194122314453","2464.65625","2285.836669921875","","-1360.598876953125","-27.71449851989746","-1360.598876953125","-925.2379150390624","2911","0.9048295617103576","0.90625","0.21875","0.7542613744735718","0.2244318127632141","0.9019886255264282","0.7230113744735718","0.7230113744735718","2270.31787109375","2263.89208984375","0.9730113744735718","0.921875","0.9673295617103576","0.921875","2271.4833984375","181.63905334472656","2453.122314453125","2271.4833984375","","-1371.78125","-26.94959831237793","-1371.78125","-899.7020874023438","0.8948863744735718","0.8948863744735718","0.18465909361839297","0.7542613744735718","0.21732954680919647","0.9005681872367859","0.6946022510528564","0.6960227489471436","2263.718017578125","2263.89208984375","0.9673295617103576","0.9176136255264282","0.9673295617103576","0.9176136255264282","2263.23095703125","2445.363525390625"
"lemon-dew-490","0.8","avg","jointprior","finished","-","","","2026-04-01T01:52:24.000Z","262","","{'seed': 0, 'checkpoint_metric': 'val/loss/loss', 'log': {'wandb_entity': 'eso18-imperial-college-london', 'wandb_group': 'full_runs', 'wandb_run_name': '', 'wandb_project_name': 'mvvae_scMNC', 'wandb_log_freq': 50, 'wandb_offline': False, 'wandb_local_instance': True, 'dir_logs': '/rds/general/user/eso18/home/mmvmvae/run_scMNC/logs', 'downstream_logging_frequency': 1, 'coherence_logging_frequency': 1, 'img_plotting_frequency': 1, 'fid_logging_frequency': 50, 'val_freq': 1, 'debug': False, 'likelihood_logging_frequency': 1}, 'dataset': {'name': 'scMNC', 'num_workers': 8, 'num_views': 2, 'dir_data': '/rds/general/user/eso18/home/mmvmvae/data/scMNC', 'num_labels': 6, 'dir_clf': '/rds/general/user/eso18/home/mmvmvae/trained_classifiers/scMNC', 'n_clfs_outputs': 6, 'label_names': ['A', 'B', 'C', 'D', 'E', 'F']}, 'model': {'device': 'cuda', 'batch_size': 32, 'batch_size_eval': 64, 'lr': 0.001, 'epochs': 150, 'temp_annealing': 'cosine', 'seed': 1, 'latent_dim': 32, 'hidden_dim': 512, 'early_stop': True, 'beta_annealing': False, 'init_beta_value': 0.0, 'final_beta_value': 1.0, 'schedule': 'cyclical', 'beta_annealing_steps': 250000, 'beta_M': 20, 'beta_R': 0.5, 'use_resnets': True, 'name': 'jointprior', 'alpha_annealing': True, 'init_alpha_value': 1.0, 'final_alpha_value': 0.0, 'alpha_annealing_steps': 150000, 'cov_scalar': 0.36, 'alpha_scalar': 0.8, 'beta': '', 'aggregation': 'avg'}, 'eval': {'num_samples_train': 10000, 'max_iteration': 10000, 'eval_downstream_task': True, 'coherence': True, 'path_inception_weights': '/rds/general/user/eso18/home/mmvmvae/utils/pt_inception-2015-12-05-6726825d.pth'}}","val/loss/loss","/rds/general/user/eso18/home/mmvmvae/trained_classifiers/scMNC","","/rds/general/user/eso18/home/mmvmvae/data/scMNC","","[""A"",""B"",""C"",""D"",""E"",""F""]","","6","scMNC","6","2","8","true","true","10000","10000","/rds/general/user/eso18/home/mmvmvae/utils/pt_inception-2015-12-05-6726825d.pth","1","false","/rds/general/user/eso18/home/mmvmvae/run_scMNC/logs","1","50","1","1","1","eso18-imperial-college-london","full_runs","true","50","false","mvvae_scMNC","","true","150000","32","64","","20","0.5","false","250000","0.36","cuda","true","150","0","1","512","1","0","32","0.001","cyclical","1","cosine","true","0","","1","36","0.9048295617103576","0.9048295617103576","0.3238636255264282","0.7528409361839294","0.22017045319080353","0.890625","0.6974431872367859","0.6960227489471436","2267.76416015625","2268.858642578125","0.9730113744735718","0.9190340638160706","0.9730113744735718","0.9190340638160706","2267.7216796875","158.61424255371094","2511.169921875","2352.555419921875","","-1368.9014892578125","-29.464284896850582","-1368.9014892578125","-983.6538696289062","3366","0.9048295617103576","0.9048295617103576","0.3238636255264282","0.7528409361839294","0.22017045319080353","0.9090909361839294","0.7230113744735718","0.7201704382896423","2267.76416015625","2255.3046875","0.9730113744735718","0.9190340638160706","0.9730113744735718","0.9190340638160706","2267.7216796875","155.971923828125","2423.693603515625","2267.721435546875","","-1370.6690673828125","-26.870241165161133","-1370.6690673828125","-897.052734375","0.8991477489471436","0.8991477489471436","0.24715909361839297","0.7755681872367859","0.2286931872367859","0.8920454382896423","0.6960227489471436","0.6931818127632141","2255.12158203125","2255.3046875","0.96875","0.9232954382896424","0.96875","0.9232954382896424","2255.376953125","2413.9052734375"
"zany-snow-489","0.7","avg","jointprior","finished","-","","","2026-04-01T01:50:42.000Z","249","","{'seed': 0, 'checkpoint_metric': 'val/loss/loss', 'log': {'wandb_entity': 'eso18-imperial-college-london', 'wandb_group': 'full_runs', 'wandb_run_name': '', 'wandb_project_name': 'mvvae_scMNC', 'wandb_log_freq': 50, 'wandb_offline': False, 'wandb_local_instance': True, 'dir_logs': '/rds/general/user/eso18/home/mmvmvae/run_scMNC/logs', 'downstream_logging_frequency': 1, 'coherence_logging_frequency': 1, 'img_plotting_frequency': 1, 'fid_logging_frequency': 50, 'val_freq': 1, 'debug': False, 'likelihood_logging_frequency': 1}, 'dataset': {'name': 'scMNC', 'num_workers': 8, 'num_views': 2, 'dir_data': '/rds/general/user/eso18/home/mmvmvae/data/scMNC', 'num_labels': 6, 'dir_clf': '/rds/general/user/eso18/home/mmvmvae/trained_classifiers/scMNC', 'n_clfs_outputs': 6, 'label_names': ['A', 'B', 'C', 'D', 'E', 'F']}, 'model': {'device': 'cuda', 'batch_size': 32, 'batch_size_eval': 64, 'lr': 0.001, 'epochs': 150, 'temp_annealing': 'cosine', 'seed': 1, 'latent_dim': 32, 'hidden_dim': 512, 'early_stop': True, 'beta_annealing': False, 'init_beta_value': 0.0, 'final_beta_value': 1.0, 'schedule': 'cyclical', 'beta_annealing_steps': 250000, 'beta_M': 20, 'beta_R': 0.5, 'use_resnets': True, 'name': 'jointprior', 'alpha_annealing': True, 'init_alpha_value': 1.0, 'final_alpha_value': 0.0, 'alpha_annealing_steps': 150000, 'cov_scalar': 0.51, 'alpha_scalar': 0.7, 'beta': '', 'aggregation': 'avg'}, 'eval': {'num_samples_train': 10000, 'max_iteration': 10000, 'eval_downstream_task': True, 'coherence': True, 'path_inception_weights': '/rds/general/user/eso18/home/mmvmvae/utils/pt_inception-2015-12-05-6726825d.pth'}}","val/loss/loss","/rds/general/user/eso18/home/mmvmvae/trained_classifiers/scMNC","","/rds/general/user/eso18/home/mmvmvae/data/scMNC","","[""A"",""B"",""C"",""D"",""E"",""F""]","","6","scMNC","6","2","8","true","true","10000","10000","/rds/general/user/eso18/home/mmvmvae/utils/pt_inception-2015-12-05-6726825d.pth","1","false","/rds/general/user/eso18/home/mmvmvae/run_scMNC/logs","1","50","1","1","1","eso18-imperial-college-london","full_runs","true","50","false","mvvae_scMNC","","true","150000","32","64","","20","0.5","false","250000","0.51","cuda","true","150","0","1","512","1","0","32","0.001","cyclical","1","cosine","true","0","","1","32","0.8934659361839294","0.8934659361839294","0.21022726595401764","0.75","0.21022726595401764","0.8991477489471436","0.7059659361839294","0.7045454382896423","2269.028564453125","2268.5771484375","0.9673295617103576","0.9232954382896424","0.9673295617103576","0.9232954382896424","2268.656982421875","151.67782592773438","2485.35205078125","2333.67431640625","","-1310.1864013671875","-30.657470703125","-1310.1864013671875","-1023.4879150390624","3002","0.8934659361839294","0.8934659361839294","0.21022726595401764","0.75","0.21022726595401764","0.8991477489471436","0.7230113744735718","0.7244318127632141","2269.028564453125","2266.54931640625","0.9758522510528564","0.9232954382896424","0.9673295617103576","0.9232954382896424","2268.656982421875","147.91738891601562","2416.574462890625","2268.656982421875","","-1369.215576171875","-26.941791534423828","-1369.215576171875","-899.4414672851562","0.8934659361839294","0.8934659361839294","0.17329545319080353","0.7627840638160706","0.19176135957241056","0.8963068127632141","0.6960227489471436","0.6974431872367859","2267.20703125","2266.54931640625","0.9659090638160706","0.9289772510528564","0.9659090638160706","0.9289772510528564","2265.27880859375","2413.9384765625"
"faithful-cherry-488","0.6","avg","jointprior","finished","-","","","2026-04-01T01:49:06.000Z","274","","{'seed': 0, 'checkpoint_metric': 'val/loss/loss', 'log': {'wandb_entity': 'eso18-imperial-college-london', 'wandb_group': 'full_runs', 'wandb_run_name': '', 'wandb_project_name': 'mvvae_scMNC', 'wandb_log_freq': 50, 'wandb_offline': False, 'wandb_local_instance': True, 'dir_logs': '/rds/general/user/eso18/home/mmvmvae/run_scMNC/logs', 'downstream_logging_frequency': 1, 'coherence_logging_frequency': 1, 'img_plotting_frequency': 1, 'fid_logging_frequency': 50, 'val_freq': 1, 'debug': False, 'likelihood_logging_frequency': 1}, 'dataset': {'name': 'scMNC', 'num_workers': 8, 'num_views': 2, 'dir_data': '/rds/general/user/eso18/home/mmvmvae/data/scMNC', 'num_labels': 6, 'dir_clf': '/rds/general/user/eso18/home/mmvmvae/trained_classifiers/scMNC', 'n_clfs_outputs': 6, 'label_names': ['A', 'B', 'C', 'D', 'E', 'F']}, 'model': {'device': 'cuda', 'batch_size': 32, 'batch_size_eval': 64, 'lr': 0.001, 'epochs': 150, 'temp_annealing': 'cosine', 'seed': 1, 'latent_dim': 32, 'hidden_dim': 512, 'early_stop': True, 'beta_annealing': False, 'init_beta_value': 0.0, 'final_beta_value': 1.0, 'schedule': 'cyclical', 'beta_annealing_steps': 250000, 'beta_M': 20, 'beta_R': 0.5, 'use_resnets': True, 'name': 'jointprior', 'alpha_annealing': True, 'init_alpha_value': 1.0, 'final_alpha_value': 0.0, 'alpha_annealing_steps': 150000, 'cov_scalar': 0.64, 'alpha_scalar': 0.6, 'beta': '', 'aggregation': 'avg'}, 'eval': {'num_samples_train': 10000, 'max_iteration': 10000, 'eval_downstream_task': True, 'coherence': True, 'path_inception_weights': '/rds/general/user/eso18/home/mmvmvae/utils/pt_inception-2015-12-05-6726825d.pth'}}","val/loss/loss","/rds/general/user/eso18/home/mmvmvae/trained_classifiers/scMNC","","/rds/general/user/eso18/home/mmvmvae/data/scMNC","","[""A"",""B"",""C"",""D"",""E"",""F""]","","6","scMNC","6","2","8","true","true","10000","10000","/rds/general/user/eso18/home/mmvmvae/utils/pt_inception-2015-12-05-6726825d.pth","1","false","/rds/general/user/eso18/home/mmvmvae/run_scMNC/logs","1","50","1","1","1","eso18-imperial-college-london","full_runs","true","50","false","mvvae_scMNC","","true","150000","32","64","","20","0.5","false","250000","0.64","cuda","true","150","0","1","512","1","0","32","0.001","cyclical","1","cosine","true","0","","1","36","0.8948863744735718","0.8948863744735718","0.28409090638160706","0.7769886255264282","0.23721590638160703","0.8948863744735718","0.6860795617103577","0.6875","2270.7734375","2270.382080078125","0.96875","0.9190340638160706","0.96875","0.9190340638160706","2270.930419921875","146.60891723632812","2515.70263671875","2369.09375","","-1374.243408203125","-29.799659729003903","-1374.243408203125","-994.8502197265624","3366","0.8948863744735718","0.8948863744735718","0.28409090638160706","0.7769886255264282","0.23721590638160703","0.9019886255264282","0.7215909361839294","0.71875","2270.7734375","2258.980712890625","0.9730113744735718","0.9190340638160706","0.96875","0.9190340638160706","2270.930419921875","144.04273986816406","2414.97314453125","2270.9306640625","","-1370.906982421875","-26.9592227935791","-1370.906982421875","-900.0233764648438","0.8920454382896423","0.8920454382896423","0.22585226595401764","0.7741477489471436","0.24573864042758944","0.9019886255264282","0.6903409361839294","0.6917613744735718","2259.69970703125","2258.980712890625","0.9602272510528564","0.9176136255264282","0.9602272510528564","0.9176136255264282","2261.28173828125","2407.579345703125"
"silver-butterfly-487","0.5","avg","jointprior","finished","-","","","2026-04-01T01:49:05.000Z","225","","{'seed': 0, 'checkpoint_metric': 'val/loss/loss', 'log': {'wandb_entity': 'eso18-imperial-college-london', 'wandb_group': 'full_runs', 'wandb_run_name': '', 'wandb_project_name': 'mvvae_scMNC', 'wandb_log_freq': 50, 'wandb_offline': False, 'wandb_local_instance': True, 'dir_logs': '/rds/general/user/eso18/home/mmvmvae/run_scMNC/logs', 'downstream_logging_frequency': 1, 'coherence_logging_frequency': 1, 'img_plotting_frequency': 1, 'fid_logging_frequency': 50, 'val_freq': 1, 'debug': False, 'likelihood_logging_frequency': 1}, 'dataset': {'name': 'scMNC', 'num_workers': 8, 'num_views': 2, 'dir_data': '/rds/general/user/eso18/home/mmvmvae/data/scMNC', 'num_labels': 6, 'dir_clf': '/rds/general/user/eso18/home/mmvmvae/trained_classifiers/scMNC', 'n_clfs_outputs': 6, 'label_names': ['A', 'B', 'C', 'D', 'E', 'F']}, 'model': {'device': 'cuda', 'batch_size': 32, 'batch_size_eval': 64, 'lr': 0.001, 'epochs': 150, 'temp_annealing': 'cosine', 'seed': 1, 'latent_dim': 32, 'hidden_dim': 512, 'early_stop': True, 'beta_annealing': False, 'init_beta_value': 0.0, 'final_beta_value': 1.0, 'schedule': 'cyclical', 'beta_annealing_steps': 250000, 'beta_M': 20, 'beta_R': 0.5, 'use_resnets': True, 'name': 'jointprior', 'alpha_annealing': True, 'init_alpha_value': 1.0, 'final_alpha_value': 0.0, 'alpha_annealing_steps': 150000, 'cov_scalar': 0.75, 'alpha_scalar': 0.5, 'beta': '', 'aggregation': 'avg'}, 'eval': {'num_samples_train': 10000, 'max_iteration': 10000, 'eval_downstream_task': True, 'coherence': True, 'path_inception_weights': '/rds/general/user/eso18/home/mmvmvae/utils/pt_inception-2015-12-05-6726825d.pth'}}","val/loss/loss","/rds/general/user/eso18/home/mmvmvae/trained_classifiers/scMNC","","/rds/general/user/eso18/home/mmvmvae/data/scMNC","","[""A"",""B"",""C"",""D"",""E"",""F""]","","6","scMNC","6","2","8","true","true","10000","10000","/rds/general/user/eso18/home/mmvmvae/utils/pt_inception-2015-12-05-6726825d.pth","1","false","/rds/general/user/eso18/home/mmvmvae/run_scMNC/logs","1","50","1","1","1","eso18-imperial-college-london","full_runs","true","50","false","mvvae_scMNC","","true","150000","32","64","","20","0.5","false","250000","0.75","cuda","true","150","0","1","512","1","0","32","0.001","cyclical","1","cosine","true","0","","1","31","0.8877840638160706","0.8877840638160706","0.25710228085517883","0.8025568127632141","0.2244318127632141","0.8934659361839294","0.6974431872367859","0.7002840638160706","2271.92431640625","2272.08447265625","0.9559659361839294","0.9176136255264282","0.9559659361839294","0.9176136255264282","2272.28515625","144.63853454589844","2445.49658203125","2300.8583984375","","-1365.825439453125","-28.007892608642575","-1365.825439453125","-935.03271484375","2911","0.8877840638160706","0.8877840638160706","0.25710228085517883","0.8025568127632141","0.2244318127632141","0.8963068127632141","0.7130681872367859","0.7130681872367859","2271.92431640625","2268.832275390625","0.9758522510528564","0.9176136255264282","0.9559659361839294","0.9176136255264282","2272.28515625","144.29725646972656","2416.582763671875","2272.285400390625","","-1367.711669921875","-27.095521926879883","-1367.711669921875","-904.5736083984376","0.8863636255264282","0.8863636255264282","0.23011364042758944","0.7769886255264282","0.24147726595401764","0.8934659361839294","0.6974431872367859","0.6988636255264282","2269.16552734375","2268.832275390625","0.9659090638160706","0.9232954382896424","0.9659090638160706","0.9232954382896424","2269.3662109375","2413.854736328125"
"classic-cloud-486","0.4","avg","jointprior","finished","-","","","2026-04-01T01:43:16.000Z","255","","{'seed': 0, 'checkpoint_metric': 'val/loss/loss', 'log': {'wandb_entity': 'eso18-imperial-college-london', 'wandb_group': 'full_runs', 'wandb_run_name': '', 'wandb_project_name': 'mvvae_scMNC', 'wandb_log_freq': 50, 'wandb_offline': False, 'wandb_local_instance': True, 'dir_logs': '/rds/general/user/eso18/home/mmvmvae/run_scMNC/logs', 'downstream_logging_frequency': 1, 'coherence_logging_frequency': 1, 'img_plotting_frequency': 1, 'fid_logging_frequency': 50, 'val_freq': 1, 'debug': False, 'likelihood_logging_frequency': 1}, 'dataset': {'name': 'scMNC', 'num_workers': 8, 'num_views': 2, 'dir_data': '/rds/general/user/eso18/home/mmvmvae/data/scMNC', 'num_labels': 6, 'dir_clf': '/rds/general/user/eso18/home/mmvmvae/trained_classifiers/scMNC', 'n_clfs_outputs': 6, 'label_names': ['A', 'B', 'C', 'D', 'E', 'F']}, 'model': {'device': 'cuda', 'batch_size': 32, 'batch_size_eval': 64, 'lr': 0.001, 'epochs': 150, 'temp_annealing': 'cosine', 'seed': 1, 'latent_dim': 32, 'hidden_dim': 512, 'early_stop': True, 'beta_annealing': False, 'init_beta_value': 0.0, 'final_beta_value': 1.0, 'schedule': 'cyclical', 'beta_annealing_steps': 250000, 'beta_M': 20, 'beta_R': 0.5, 'use_resnets': True, 'name': 'jointprior', 'alpha_annealing': True, 'init_alpha_value': 1.0, 'final_alpha_value': 0.0, 'alpha_annealing_steps': 150000, 'cov_scalar': 0.84, 'alpha_scalar': 0.4, 'beta': '', 'aggregation': 'avg'}, 'eval': {'num_samples_train': 10000, 'max_iteration': 10000, 'eval_downstream_task': True, 'coherence': True, 'path_inception_weights': '/rds/general/user/eso18/home/mmvmvae/utils/pt_inception-2015-12-05-6726825d.pth'}}","val/loss/loss","/rds/general/user/eso18/home/mmvmvae/trained_classifiers/scMNC","","/rds/general/user/eso18/home/mmvmvae/data/scMNC","","[""A"",""B"",""C"",""D"",""E"",""F""]","","6","scMNC","6","2","8","true","true","10000","10000","/rds/general/user/eso18/home/mmvmvae/utils/pt_inception-2015-12-05-6726825d.pth","1","false","/rds/general/user/eso18/home/mmvmvae/run_scMNC/logs","1","50","1","1","1","eso18-imperial-college-london","full_runs","true","50","false","mvvae_scMNC","","true","150000","32","64","","20","0.5","false","250000","0.84","cuda","true","150","0","1","512","1","0","32","0.001","cyclical","1","cosine","true","0","","1","32","0.8892045617103577","0.8892045617103577","0.27840909361839294","0.7982954382896423","0.27414771914482117","0.8892045617103577","0.6946022510528564","0.6960227489471436","2277.6259765625","2277.71337890625","0.9673295617103576","0.9176136255264282","0.9673295617103576","0.9176136255264282","2278.07470703125","150.0298309326172","2476.354736328125","2326.324951171875","","-1308.8642578125","-30.4769287109375","-1308.8642578125","-1017.4605712890624","3002","0.8892045617103577","0.8892045617103577","0.27840909361839294","0.7982954382896423","0.27414771914482117","0.8963068127632141","0.7315340638160706","0.7301136255264282","2277.6259765625","2275.455322265625","0.9730113744735718","0.9176136255264282","0.9673295617103576","0.9176136255264282","2278.07470703125","146.60784912109375","2424.682373046875","2278.074462890625","","-1368.669677734375","-27.2402400970459","-1368.669677734375","-909.405029296875","0.8948863744735718","0.8948863744735718","0.23011364042758944","0.7911931872367859","0.27414771914482117","0.890625","0.7045454382896423","0.7045454382896423","2275.700439453125","2275.455322265625","0.963068187236786","0.9204545617103576","0.963068187236786","0.9204545617103576","2275.087158203125","2422.26025390625"
"wandering-firebrand-485","0.3","avg","jointprior","finished","-","","","2026-04-01T01:42:34.000Z","245","","{'seed': 0, 'checkpoint_metric': 'val/loss/loss', 'log': {'wandb_entity': 'eso18-imperial-college-london', 'wandb_group': 'full_runs', 'wandb_run_name': '', 'wandb_project_name': 'mvvae_scMNC', 'wandb_log_freq': 50, 'wandb_offline': False, 'wandb_local_instance': True, 'dir_logs': '/rds/general/user/eso18/home/mmvmvae/run_scMNC/logs', 'downstream_logging_frequency': 1, 'coherence_logging_frequency': 1, 'img_plotting_frequency': 1, 'fid_logging_frequency': 50, 'val_freq': 1, 'debug': False, 'likelihood_logging_frequency': 1}, 'dataset': {'name': 'scMNC', 'num_workers': 8, 'num_views': 2, 'dir_data': '/rds/general/user/eso18/home/mmvmvae/data/scMNC', 'num_labels': 6, 'dir_clf': '/rds/general/user/eso18/home/mmvmvae/trained_classifiers/scMNC', 'n_clfs_outputs': 6, 'label_names': ['A', 'B', 'C', 'D', 'E', 'F']}, 'model': {'device': 'cuda', 'batch_size': 32, 'batch_size_eval': 64, 'lr': 0.001, 'epochs': 150, 'temp_annealing': 'cosine', 'seed': 1, 'latent_dim': 32, 'hidden_dim': 512, 'early_stop': True, 'beta_annealing': False, 'init_beta_value': 0.0, 'final_beta_value': 1.0, 'schedule': 'cyclical', 'beta_annealing_steps': 250000, 'beta_M': 20, 'beta_R': 0.5, 'use_resnets': True, 'name': 'jointprior', 'alpha_annealing': True, 'init_alpha_value': 1.0, 'final_alpha_value': 0.0, 'alpha_annealing_steps': 150000, 'cov_scalar': 0.91, 'alpha_scalar': 0.3, 'beta': '', 'aggregation': 'avg'}, 'eval': {'num_samples_train': 10000, 'max_iteration': 10000, 'eval_downstream_task': True, 'coherence': True, 'path_inception_weights': '/rds/general/user/eso18/home/mmvmvae/utils/pt_inception-2015-12-05-6726825d.pth'}}","val/loss/loss","/rds/general/user/eso18/home/mmvmvae/trained_classifiers/scMNC","","/rds/general/user/eso18/home/mmvmvae/data/scMNC","","[""A"",""B"",""C"",""D"",""E"",""F""]","","6","scMNC","6","2","8","true","true","10000","10000","/rds/general/user/eso18/home/mmvmvae/utils/pt_inception-2015-12-05-6726825d.pth","1","false","/rds/general/user/eso18/home/mmvmvae/run_scMNC/logs","1","50","1","1","1","eso18-imperial-college-london","full_runs","true","50","false","mvvae_scMNC","","true","150000","32","64","","20","0.5","false","250000","0.91","cuda","true","150","0","1","512","1","0","32","0.001","cyclical","1","cosine","true","0","","1","31","0.8991477489471436","0.8991477489471436","0.2869318127632141","0.7997159361839294","0.3238636255264282","0.8792613744735718","0.7201704382896423","0.7159090638160706","2276.275146484375","2276.8505859375","0.9602272510528564","0.9133522510528564","0.9602272510528564","0.9133522510528564","2276.780517578125","147.75897216796875","2451.65625","2303.897216796875","","-1369.1905517578125","-27.998130798339844","-1369.1905517578125","-934.7068481445312","2911","0.8991477489471436","0.8991477489471436","0.2869318127632141","0.7997159361839294","0.3238636255264282","0.8892045617103577","0.7215909361839294","0.7215909361839294","2276.275146484375","2273.358642578125","0.9730113744735718","0.9133522510528564","0.9602272510528564","0.9133522510528564","2276.780517578125","148.23696899414062","2425.017333984375","2276.7802734375","","-1369.48291015625","-27.17711639404297","-1369.48291015625","-907.297607421875","0.8934659361839294","0.8934659361839294","0.3267045319080353","0.7869318127632141","0.3181818127632141","0.8806818127632141","0.7116477489471436","0.7116477489471436","2274.624755859375","2274.460205078125","0.9659090638160706","0.911931812763214","0.9659090638160706","0.911931812763214","2273.54296875","2421.7080078125"
"misunderstood-blaze-484","0.2","avg","jointprior","finished","-","","","2026-04-01T01:36:11.000Z","249","","{'seed': 0, 'checkpoint_metric': 'val/loss/loss', 'log': {'wandb_entity': 'eso18-imperial-college-london', 'wandb_group': 'full_runs', 'wandb_run_name': '', 'wandb_project_name': 'mvvae_scMNC', 'wandb_log_freq': 50, 'wandb_offline': False, 'wandb_local_instance': True, 'dir_logs': '/rds/general/user/eso18/home/mmvmvae/run_scMNC/logs', 'downstream_logging_frequency': 1, 'coherence_logging_frequency': 1, 'img_plotting_frequency': 1, 'fid_logging_frequency': 50, 'val_freq': 1, 'debug': False, 'likelihood_logging_frequency': 1}, 'dataset': {'name': 'scMNC', 'num_workers': 8, 'num_views': 2, 'dir_data': '/rds/general/user/eso18/home/mmvmvae/data/scMNC', 'num_labels': 6, 'dir_clf': '/rds/general/user/eso18/home/mmvmvae/trained_classifiers/scMNC', 'n_clfs_outputs': 6, 'label_names': ['A', 'B', 'C', 'D', 'E', 'F']}, 'model': {'device': 'cuda', 'batch_size': 32, 'batch_size_eval': 64, 'lr': 0.001, 'epochs': 150, 'temp_annealing': 'cosine', 'seed': 1, 'latent_dim': 32, 'hidden_dim': 512, 'early_stop': True, 'beta_annealing': False, 'init_beta_value': 0.0, 'final_beta_value': 1.0, 'schedule': 'cyclical', 'beta_annealing_steps': 250000, 'beta_M': 20, 'beta_R': 0.5, 'use_resnets': True, 'name': 'jointprior', 'alpha_annealing': True, 'init_alpha_value': 1.0, 'final_alpha_value': 0.0, 'alpha_annealing_steps': 150000, 'cov_scalar': 0.96, 'alpha_scalar': 0.2, 'beta': '', 'aggregation': 'avg'}, 'eval': {'num_samples_train': 10000, 'max_iteration': 10000, 'eval_downstream_task': True, 'coherence': True, 'path_inception_weights': '/rds/general/user/eso18/home/mmvmvae/utils/pt_inception-2015-12-05-6726825d.pth'}}","val/loss/loss","/rds/general/user/eso18/home/mmvmvae/trained_classifiers/scMNC","","/rds/general/user/eso18/home/mmvmvae/data/scMNC","","[""A"",""B"",""C"",""D"",""E"",""F""]","","6","scMNC","6","2","8","true","true","10000","10000","/rds/general/user/eso18/home/mmvmvae/utils/pt_inception-2015-12-05-6726825d.pth","1","false","/rds/general/user/eso18/home/mmvmvae/run_scMNC/logs","1","50","1","1","1","eso18-imperial-college-london","full_runs","true","50","false","mvvae_scMNC","","true","150000","32","64","","20","0.5","false","250000","0.96","cuda","true","150","0","1","512","1","0","32","0.001","cyclical","1","cosine","true","0","","1","31","0.9005681872367859","0.9005681872367859","0.21732954680919647","0.7982954382896423","0.265625","0.8835227489471436","0.703125","0.7017045617103577","2279.39892578125","2280.28759765625","0.963068187236786","0.916193187236786","0.963068187236786","0.916193187236786","2280.271240234375","148.07211303710938","2452.15185546875","2304.07958984375","","-1370.8695068359375","-27.953304290771484","-1370.8695068359375","-933.2103271484376","2911","0.9005681872367859","0.9005681872367859","0.21732954680919647","0.7982954382896423","0.265625","0.890625","0.71875","0.7173295617103577","2279.39892578125","2275.0712890625","0.9715909361839294","0.916193187236786","0.963068187236786","0.916193187236786","2280.271240234375","149.75299072265625","2430.024169921875","2280.271240234375","","-1372.83642578125","-27.18122100830078","-1372.83642578125","-907.4346313476562","0.9019886255264282","0.9019886255264282","0.2130681872367859","0.796875","0.2798295319080353","0.8849431872367859","0.7002840638160706","0.7002840638160706","2274.055908203125","2275.2880859375","0.9701704382896424","0.916193187236786","0.9701704382896424","0.916193187236786","2274.189208984375","2423.25146484375"
"vague-dream-483","0.15","avg","jointprior","finished","-","","","2026-04-01T01:34:46.000Z","301","","{'seed': 0, 'checkpoint_metric': 'val/loss/loss', 'log': {'wandb_entity': 'eso18-imperial-college-london', 'wandb_group': 'full_runs', 'wandb_run_name': '', 'wandb_project_name': 'mvvae_scMNC', 'wandb_log_freq': 50, 'wandb_offline': False, 'wandb_local_instance': True, 'dir_logs': '/rds/general/user/eso18/home/mmvmvae/run_scMNC/logs', 'downstream_logging_frequency': 1, 'coherence_logging_frequency': 1, 'img_plotting_frequency': 1, 'fid_logging_frequency': 50, 'val_freq': 1, 'debug': False, 'likelihood_logging_frequency': 1}, 'dataset': {'name': 'scMNC', 'num_workers': 8, 'num_views': 2, 'dir_data': '/rds/general/user/eso18/home/mmvmvae/data/scMNC', 'num_labels': 6, 'dir_clf': '/rds/general/user/eso18/home/mmvmvae/trained_classifiers/scMNC', 'n_clfs_outputs': 6, 'label_names': ['A', 'B', 'C', 'D', 'E', 'F']}, 'model': {'device': 'cuda', 'batch_size': 32, 'batch_size_eval': 64, 'lr': 0.001, 'epochs': 150, 'temp_annealing': 'cosine', 'seed': 1, 'latent_dim': 32, 'hidden_dim': 512, 'early_stop': True, 'beta_annealing': False, 'init_beta_value': 0.0, 'final_beta_value': 1.0, 'schedule': 'cyclical', 'beta_annealing_steps': 250000, 'beta_M': 20, 'beta_R': 0.5, 'use_resnets': True, 'name': 'jointprior', 'alpha_annealing': True, 'init_alpha_value': 1.0, 'final_alpha_value': 0.0, 'alpha_annealing_steps': 150000, 'cov_scalar': 0.9775, 'alpha_scalar': 0.15, 'beta': '', 'aggregation': 'avg'}, 'eval': {'num_samples_train': 10000, 'max_iteration': 10000, 'eval_downstream_task': True, 'coherence': True, 'path_inception_weights': '/rds/general/user/eso18/home/mmvmvae/utils/pt_inception-2015-12-05-6726825d.pth'}}","val/loss/loss","/rds/general/user/eso18/home/mmvmvae/trained_classifiers/scMNC","","/rds/general/user/eso18/home/mmvmvae/data/scMNC","","[""A"",""B"",""C"",""D"",""E"",""F""]","","6","scMNC","6","2","8","true","true","10000","10000","/rds/general/user/eso18/home/mmvmvae/utils/pt_inception-2015-12-05-6726825d.pth","1","false","/rds/general/user/eso18/home/mmvmvae/run_scMNC/logs","1","50","1","1","1","eso18-imperial-college-london","full_runs","true","50","false","mvvae_scMNC","","true","150000","32","64","","20","0.5","false","250000","0.9775","cuda","true","150","0","1","512","1","0","32","0.001","cyclical","1","cosine","true","0","","1","40","0.9019886255264282","0.9019886255264282","0.28835228085517883","0.7940340638160706","0.3011363744735718","0.8920454382896423","0.6988636255264282","0.6988636255264282","2261.93359375","2261.6484375","0.9701704382896424","0.9232954382896424","0.9701704382896424","0.9232954382896424","2261.34228515625","151.41360473632812","2479.037109375","2327.623779296875","","-1279.078369140625","-31.40804100036621","-1279.078369140625","-1048.54541015625","3730","0.9019886255264282","0.9019886255264282","0.28835228085517883","0.7940340638160706","0.3011363744735718","0.8991477489471436","0.7201704382896423","0.7201704382896423","2261.93359375","2261.6484375","0.9715909361839294","0.9232954382896424","0.9701704382896424","0.9232954382896424","2261.34228515625","150.64390563964844","2411.986083984375","2261.342041015625","","-1371.0174560546875","-26.66871452331543","-1371.0174560546875","-890.3247680664062","0.8920454382896423","0.8920454382896423","0.2542613744735718","0.7840909361839294","0.3011363744735718","0.8863636255264282","0.6960227489471436","0.6960227489471436","2263.0625","2263.286376953125","0.9559659361839294","0.9190340638160706","0.9559659361839294","0.9190340638160706","2261.838134765625","2411.4462890625"
"iconic-donkey-482","0.1","avg","jointprior","finished","-","","","2026-04-01T01:09:04.000Z","243","","{'seed': 0, 'checkpoint_metric': 'val/loss/loss', 'log': {'wandb_entity': 'eso18-imperial-college-london', 'wandb_group': 'full_runs', 'wandb_run_name': '', 'wandb_project_name': 'mvvae_scMNC', 'wandb_log_freq': 50, 'wandb_offline': False, 'wandb_local_instance': True, 'dir_logs': '/rds/general/user/eso18/home/mmvmvae/run_scMNC/logs', 'downstream_logging_frequency': 1, 'coherence_logging_frequency': 1, 'img_plotting_frequency': 1, 'fid_logging_frequency': 50, 'val_freq': 1, 'debug': False, 'likelihood_logging_frequency': 1}, 'dataset': {'name': 'scMNC', 'num_workers': 8, 'num_views': 2, 'dir_data': '/rds/general/user/eso18/home/mmvmvae/data/scMNC', 'num_labels': 6, 'dir_clf': '/rds/general/user/eso18/home/mmvmvae/trained_classifiers/scMNC', 'n_clfs_outputs': 6, 'label_names': ['A', 'B', 'C', 'D', 'E', 'F']}, 'model': {'device': 'cuda', 'batch_size': 32, 'batch_size_eval': 64, 'lr': 0.001, 'epochs': 150, 'temp_annealing': 'cosine', 'seed': 1, 'latent_dim': 32, 'hidden_dim': 512, 'early_stop': True, 'beta_annealing': False, 'init_beta_value': 0.0, 'final_beta_value': 1.0, 'schedule': 'cyclical', 'beta_annealing_steps': 250000, 'beta_M': 20, 'beta_R': 0.5, 'use_resnets': True, 'name': 'jointprior', 'alpha_annealing': True, 'init_alpha_value': 1.0, 'final_alpha_value': 0.0, 'alpha_annealing_steps': 150000, 'cov_scalar': 0.99, 'alpha_scalar': 0.1, 'beta': '', 'aggregation': 'avg'}, 'eval': {'num_samples_train': 10000, 'max_iteration': 10000, 'eval_downstream_task': True, 'coherence': True, 'path_inception_weights': '/rds/general/user/eso18/home/mmvmvae/utils/pt_inception-2015-12-05-6726825d.pth'}}","val/loss/loss","/rds/general/user/eso18/home/mmvmvae/trained_classifiers/scMNC","","/rds/general/user/eso18/home/mmvmvae/data/scMNC","","[""A"",""B"",""C"",""D"",""E"",""F""]","","6","scMNC","6","2","8","true","true","10000","10000","/rds/general/user/eso18/home/mmvmvae/utils/pt_inception-2015-12-05-6726825d.pth","1","false","/rds/general/user/eso18/home/mmvmvae/run_scMNC/logs","1","50","1","1","1","eso18-imperial-college-london","full_runs","true","50","false","mvvae_scMNC","","true","150000","32","64","","20","0.5","false","250000","0.99","cuda","true","150","0","1","512","1","0","32","0.001","cyclical","1","cosine","true","0","","1","32","0.890625","0.890625","0.24147726595401764","0.8125","0.3011363744735718","0.890625","0.6946022510528564","0.6931818127632141","2272.203857421875","2272.1943359375","0.9644886255264282","0.9247159361839294","0.9644886255264282","0.9247159361839294","2272.39892578125","154.8586883544922","2488.4716796875","2333.61279296875","","-1311.860595703125","-30.605484008789062","-1311.860595703125","-1021.7523803710938","3002","0.890625","0.890625","0.24147726595401764","0.8125","0.3011363744735718","0.8948863744735718","0.7201704382896423","0.7201704382896423","2272.203857421875","2271.350830078125","0.9715909361839294","0.9247159361839294","0.9644886255264282","0.9247159361839294","2272.39892578125","151.63323974609375","2424.0322265625","2272.398681640625","","-1368.1495361328125","-27.08580780029297","-1368.1495361328125","-904.249267578125","0.890625","0.890625","0.23295454680919647","0.7784090638160706","0.2769886255264282","0.8806818127632141","0.6875","0.6889204382896423","2271.94287109375","2271.350830078125","0.9602272510528564","0.9247159361839294","0.9602272510528564","0.9247159361839294","2269.71337890625","2422.9111328125"
"divine-jazz-481","0.05","avg","jointprior","finished","-","","","2026-04-01T01:05:22.000Z","235","","{'seed': 0, 'checkpoint_metric': 'val/loss/loss', 'log': {'wandb_entity': 'eso18-imperial-college-london', 'wandb_group': 'full_runs', 'wandb_run_name': '', 'wandb_project_name': 'mvvae_scMNC', 'wandb_log_freq': 50, 'wandb_offline': False, 'wandb_local_instance': True, 'dir_logs': '/rds/general/user/eso18/home/mmvmvae/run_scMNC/logs', 'downstream_logging_frequency': 1, 'coherence_logging_frequency': 1, 'img_plotting_frequency': 1, 'fid_logging_frequency': 50, 'val_freq': 1, 'debug': False, 'likelihood_logging_frequency': 1}, 'dataset': {'name': 'scMNC', 'num_workers': 8, 'num_views': 2, 'dir_data': '/rds/general/user/eso18/home/mmvmvae/data/scMNC', 'num_labels': 6, 'dir_clf': '/rds/general/user/eso18/home/mmvmvae/trained_classifiers/scMNC', 'n_clfs_outputs': 6, 'label_names': ['A', 'B', 'C', 'D', 'E', 'F']}, 'model': {'device': 'cuda', 'batch_size': 32, 'batch_size_eval': 64, 'lr': 0.001, 'epochs': 150, 'temp_annealing': 'cosine', 'seed': 1, 'latent_dim': 32, 'hidden_dim': 512, 'early_stop': True, 'beta_annealing': False, 'init_beta_value': 0.0, 'final_beta_value': 1.0, 'schedule': 'cyclical', 'beta_annealing_steps': 250000, 'beta_M': 20, 'beta_R': 0.5, 'use_resnets': True, 'name': 'jointprior', 'alpha_annealing': True, 'init_alpha_value': 1.0, 'final_alpha_value': 0.0, 'alpha_annealing_steps': 150000, 'cov_scalar': 0.9975, 'alpha_scalar': 0.05, 'beta': '', 'aggregation': 'avg'}, 'eval': {'num_samples_train': 10000, 'max_iteration': 10000, 'eval_downstream_task': True, 'coherence': True, 'path_inception_weights': '/rds/general/user/eso18/home/mmvmvae/utils/pt_inception-2015-12-05-6726825d.pth'}}","val/loss/loss","/rds/general/user/eso18/home/mmvmvae/trained_classifiers/scMNC","","/rds/general/user/eso18/home/mmvmvae/data/scMNC","","[""A"",""B"",""C"",""D"",""E"",""F""]","","6","scMNC","6","2","8","true","true","10000","10000","/rds/general/user/eso18/home/mmvmvae/utils/pt_inception-2015-12-05-6726825d.pth","1","false","/rds/general/user/eso18/home/mmvmvae/run_scMNC/logs","1","50","1","1","1","eso18-imperial-college-london","full_runs","true","50","false","mvvae_scMNC","","true","150000","32","64","","20","0.5","false","250000","0.9975","cuda","true","150","0","1","512","1","0","32","0.001","cyclical","1","cosine","true","0","","1","32","0.890625","0.890625","0.23011364042758944","0.7911931872367859","0.3110795319080353","0.890625","0.6875","0.6889204382896423","2270.447265625","2270.91845703125","0.9644886255264282","0.9105113744735718","0.9644886255264282","0.9105113744735718","2269.591552734375","155.38845825195312","2488.090087890625","2332.70166015625","","-1308.55322265625","-30.67725944519043","-1308.55322265625","-1024.1485595703125","3002","0.890625","0.890625","0.23011364042758944","0.7911931872367859","0.3110795319080353","0.8920454382896423","0.7244318127632141","0.7244318127632141","2270.447265625","2269.10302734375","0.9715909361839294","0.9105113744735718","0.9644886255264282","0.9105113744735718","2269.591552734375","152.889404296875","2422.480712890625","2269.59130859375","","-1367.8331298828125","-27.01118850708008","-1367.8331298828125","-901.7582397460938","0.8877840638160706","0.8877840638160706","0.21875","0.7926136255264282","0.28835228085517883","0.8835227489471436","0.7073863744735718","0.7073863744735718","2268.633056640625","2269.10302734375","0.9659090638160706","0.921875","0.9659090638160706","0.921875","2266.21826171875","2419.865478515625"
"chocolate-morning-480","0","avg","mixedprior","finished","-","","","2026-04-01T01:00:45.000Z","316","","{'seed': 0, 'checkpoint_metric': 'val/loss/loss', 'log': {'wandb_entity': 'eso18-imperial-college-london', 'wandb_group': 'full_runs', 'wandb_run_name': '', 'wandb_project_name': 'mvvae_scMNC', 'wandb_log_freq': 50, 'wandb_offline': False, 'wandb_local_instance': True, 'dir_logs': '/rds/general/user/eso18/home/mmvmvae/run_scMNC/logs', 'downstream_logging_frequency': 1, 'coherence_logging_frequency': 1, 'img_plotting_frequency': 1, 'fid_logging_frequency': 50, 'val_freq': 1, 'debug': False, 'likelihood_logging_frequency': 1}, 'dataset': {'name': 'scMNC', 'num_workers': 8, 'num_views': 2, 'dir_data': '/rds/general/user/eso18/home/mmvmvae/data/scMNC', 'num_labels': 6, 'dir_clf': '/rds/general/user/eso18/home/mmvmvae/trained_classifiers/scMNC', 'n_clfs_outputs': 6, 'label_names': ['A', 'B', 'C', 'D', 'E', 'F']}, 'model': {'device': 'cuda', 'batch_size': 32, 'batch_size_eval': 64, 'lr': 0.001, 'epochs': 150, 'temp_annealing': 'cosine', 'seed': 5, 'latent_dim': 32, 'hidden_dim': 512, 'early_stop': True, 'beta_annealing': False, 'init_beta_value': 0.0, 'final_beta_value': 1.0, 'schedule': 'cyclical', 'beta_annealing_steps': 250000, 'beta_M': 20, 'beta_R': 0.5, 'use_resnets': True, 'name': 'mixedprior', 'alpha_annealing': True, 'init_alpha_value': 1.0, 'final_alpha_value': 0.0, 'alpha_annealing_steps': 150000, 'alpha_scalar': 0, 'cov_scalar': 1, 'beta': '', 'aggregation': 'avg'}, 'eval': {'num_samples_train': 10000, 'max_iteration': 10000, 'eval_downstream_task': True, 'coherence': True, 'path_inception_weights': '/rds/general/user/eso18/home/mmvmvae/utils/pt_inception-2015-12-05-6726825d.pth'}}","val/loss/loss","/rds/general/user/eso18/home/mmvmvae/trained_classifiers/scMNC","","/rds/general/user/eso18/home/mmvmvae/data/scMNC","","[""A"",""B"",""C"",""D"",""E"",""F""]","","6","scMNC","6","2","8","true","true","10000","10000","/rds/general/user/eso18/home/mmvmvae/utils/pt_inception-2015-12-05-6726825d.pth","1","false","/rds/general/user/eso18/home/mmvmvae/run_scMNC/logs","1","50","1","1","1","eso18-imperial-college-london","full_runs","true","50","false","mvvae_scMNC","","true","150000","32","64","","20","0.5","false","250000","1","cuda","true","150","0","1","512","1","0","32","0.001","cyclical","5","cosine","true","0","0.9981622099876404","1","44","0.9076704382896424","0.9076704382896424","0.21590909361839297","0.7613636255264282","0.2769886255264282","0.8494318127632141","0.6505681872367859","0.6505681872367859","2288.76416015625","2288.41064453125","0.9673295617103576","0.9005681872367859","0.9673295617103576","0.9005681872367859","2288.272705078125","65.16319274902344","2377.550537109375","2312.38720703125","2377.550537109375","-1234.923828125","-32.274253845214844","-1234.923828125","-1077.4635009765625","4094","0.9076704382896424","0.9076704382896424","0.21590909361839297","0.7613636255264282","0.2769886255264282","0.8721590638160706","0.6917613744735718","0.6946022510528564","2288.76416015625","2276.177734375","0.974431812763214","0.9005681872367859","0.9673295617103576","0.9005681872367859","2288.272705078125","63.76210021972656","2352.034912109375","2288.2724609375","2352.034912109375","-1372.2586669921875","-27.438203811645508","-1372.2586669921875","-916.013916015625","0.8963068127632141","0.8963068127632141","0.23579545319080353","0.7571022510528564","0.2869318127632141","0.8494318127632141","0.6775568127632141","0.6775568127632141","2276.05908203125","2276.177734375","0.9545454382896424","0.90625","0.9545454382896424","0.90625","2278.519287109375","2341.699462890625"
"apricot-puddle-479","0","avg","mixedprior","finished","-","","","2026-03-31T19:14:40.000Z","169","","{'seed': 0, 'checkpoint_metric': 'val/loss/loss', 'log': {'wandb_entity': 'eso18-imperial-college-london', 'wandb_group': 'full_runs', 'wandb_run_name': '', 'wandb_project_name': 'mvvae_scMNC', 'wandb_log_freq': 50, 'wandb_offline': False, 'wandb_local_instance': True, 'dir_logs': '/rds/general/user/eso18/home/mmvmvae/run_scMNC/logs', 'downstream_logging_frequency': 1, 'coherence_logging_frequency': 1, 'img_plotting_frequency': 1, 'fid_logging_frequency': 50, 'val_freq': 1, 'debug': False, 'likelihood_logging_frequency': 1}, 'dataset': {'name': 'scMNC', 'num_workers': 8, 'num_views': 2, 'dir_data': '/rds/general/user/eso18/home/mmvmvae/data/scMNC', 'num_labels': 6, 'dir_clf': '/rds/general/user/eso18/home/mmvmvae/trained_classifiers/scMNC', 'n_clfs_outputs': 6, 'label_names': ['A', 'B', 'C', 'D', 'E', 'F']}, 'model': {'device': 'cuda', 'batch_size': 32, 'batch_size_eval': 64, 'lr': 0.001, 'epochs': 150, 'temp_annealing': 'cosine', 'seed': 4, 'latent_dim': 32, 'hidden_dim': 512, 'early_stop': True, 'beta_annealing': False, 'init_beta_value': 0.0, 'final_beta_value': 1.0, 'schedule': 'cyclical', 'beta_annealing_steps': 250000, 'beta_M': 20, 'beta_R': 0.5, 'use_resnets': True, 'name': 'mixedprior', 'alpha_annealing': True, 'init_alpha_value': 1.0, 'final_alpha_value': 0.0, 'alpha_annealing_steps': 150000, 'alpha_scalar': 0, 'cov_scalar': 1, 'beta': '', 'aggregation': 'avg'}, 'eval': {'num_samples_train': 10000, 'max_iteration': 10000, 'eval_downstream_task': True, 'coherence': True, 'path_inception_weights': '/rds/general/user/eso18/home/mmvmvae/utils/pt_inception-2015-12-05-6726825d.pth'}}","val/loss/loss","/rds/general/user/eso18/home/mmvmvae/trained_classifiers/scMNC","","/rds/general/user/eso18/home/mmvmvae/data/scMNC","","[""A"",""B"",""C"",""D"",""E"",""F""]","","6","scMNC","6","2","8","true","true","10000","10000","/rds/general/user/eso18/home/mmvmvae/utils/pt_inception-2015-12-05-6726825d.pth","1","false","/rds/general/user/eso18/home/mmvmvae/run_scMNC/logs","1","50","1","1","1","eso18-imperial-college-london","full_runs","true","50","false","mvvae_scMNC","","true","150000","32","64","","20","0.5","false","250000","1","cuda","true","150","0","1","512","1","0","32","0.001","cyclical","4","cosine","true","0","0.9995604157447816","1","21","0.8821022510528564","0.8821022510528564","0.25284090638160706","0.7670454382896423","0.2855113744735718","0.8664772510528564","0.6889204382896423","0.6875","2323.94970703125","2323.955078125","0.947443187236786","0.9048295617103576","0.947443187236786","0.9048295617103576","2323.05126953125","64.4935531616211","2652.98095703125","2588.4873046875","2652.98095703125","-1380.835693359375","-36.17389678955078","-1380.835693359375","-1207.65185546875","2001","0.8821022510528564","0.8821022510528564","0.25284090638160706","0.7670454382896423","0.2855113744735718","0.8707386255264282","0.7059659361839294","0.7102272510528564","2323.94970703125","2320.730224609375","0.9701704382896424","0.9048295617103576","0.947443187236786","0.9048295617103576","2323.05126953125","62.2471923828125","2385.298095703125","2323.051025390625","2385.298095703125","-1375.9622802734375","-28.369016647338867","-1375.9622802734375","-947.088623046875","0.8849431872367859","0.8849431872367859","0.21448864042758944","0.8139204382896423","0.26278409361839294","0.8366477489471436","0.6875","0.6875","2321.059326171875","2320.730224609375","0.9559659361839294","0.9034090638160706","0.9559659361839294","0.9034090638160706","2319.201171875","2384.664794921875"
"olive-plasma-478","0","avg","mixedprior","finished","-","","","2026-03-31T19:07:06.000Z","300","","{'seed': 0, 'checkpoint_metric': 'val/loss/loss', 'log': {'wandb_entity': 'eso18-imperial-college-london', 'wandb_group': 'full_runs', 'wandb_run_name': '', 'wandb_project_name': 'mvvae_scMNC', 'wandb_log_freq': 50, 'wandb_offline': False, 'wandb_local_instance': True, 'dir_logs': '/rds/general/user/eso18/home/mmvmvae/run_scMNC/logs', 'downstream_logging_frequency': 1, 'coherence_logging_frequency': 1, 'img_plotting_frequency': 1, 'fid_logging_frequency': 50, 'val_freq': 1, 'debug': False, 'likelihood_logging_frequency': 1}, 'dataset': {'name': 'scMNC', 'num_workers': 8, 'num_views': 2, 'dir_data': '/rds/general/user/eso18/home/mmvmvae/data/scMNC', 'num_labels': 6, 'dir_clf': '/rds/general/user/eso18/home/mmvmvae/trained_classifiers/scMNC', 'n_clfs_outputs': 6, 'label_names': ['A', 'B', 'C', 'D', 'E', 'F']}, 'model': {'device': 'cuda', 'batch_size': 32, 'batch_size_eval': 64, 'lr': 0.001, 'epochs': 150, 'temp_annealing': 'cosine', 'seed': 3, 'latent_dim': 32, 'hidden_dim': 512, 'early_stop': True, 'beta_annealing': False, 'init_beta_value': 0.0, 'final_beta_value': 1.0, 'schedule': 'cyclical', 'beta_annealing_steps': 250000, 'beta_M': 20, 'beta_R': 0.5, 'use_resnets': True, 'name': 'mixedprior', 'alpha_annealing': True, 'init_alpha_value': 1.0, 'final_alpha_value': 0.0, 'alpha_annealing_steps': 150000, 'alpha_scalar': 0, 'cov_scalar': 1, 'beta': '', 'aggregation': 'avg'}, 'eval': {'num_samples_train': 10000, 'max_iteration': 10000, 'eval_downstream_task': True, 'coherence': True, 'path_inception_weights': '/rds/general/user/eso18/home/mmvmvae/utils/pt_inception-2015-12-05-6726825d.pth'}}","val/loss/loss","/rds/general/user/eso18/home/mmvmvae/trained_classifiers/scMNC","","/rds/general/user/eso18/home/mmvmvae/data/scMNC","","[""A"",""B"",""C"",""D"",""E"",""F""]","","6","scMNC","6","2","8","true","true","10000","10000","/rds/general/user/eso18/home/mmvmvae/utils/pt_inception-2015-12-05-6726825d.pth","1","false","/rds/general/user/eso18/home/mmvmvae/run_scMNC/logs","1","50","1","1","1","eso18-imperial-college-london","full_runs","true","50","false","mvvae_scMNC","","true","150000","32","64","","20","0.5","false","250000","1","cuda","true","150","0","1","512","1","0","32","0.001","cyclical","3","cosine","true","0","0.998321771621704","1","42","0.8977272510528564","0.8977272510528564","0.21448864042758944","0.7982954382896423","0.234375","0.8565340638160706","0.6875","0.6875","2275.08349609375","2275.136962890625","0.96875","0.9076704382896424","0.96875","0.9076704382896424","2273.546142578125","68.95833587646484","2404.553466796875","2335.59521484375","2404.553466796875","-1388.091552734375","-28.381444931030273","-1388.091552734375","-947.503662109375","3912","0.8977272510528564","0.8977272510528564","0.21448864042758944","0.7982954382896423","0.234375","0.8664772510528564","0.7045454382896423","0.7045454382896423","2275.08349609375","2274.136474609375","0.978693187236786","0.9076704382896424","0.96875","0.9076704382896424","2273.546142578125","68.85895538330078","2342.405029296875","2273.5458984375","2342.405029296875","-1376.410400390625","-26.87272834777832","-1376.410400390625","-897.1357421875","0.9005681872367859","0.9005681872367859","0.17897726595401764","0.8039772510528564","0.22585226595401764","0.8551136255264282","0.6889204382896423","0.6917613744735718","2273.91259765625","2274.136474609375","0.9616477489471436","0.9076704382896424","0.9616477489471436","0.9076704382896424","2273.046142578125","2341.581787109375"
"mild-breeze-477","0","avg","mixedprior","finished","-","","","2026-03-31T19:00:37.000Z","197","","{'seed': 0, 'checkpoint_metric': 'val/loss/loss', 'log': {'wandb_entity': 'eso18-imperial-college-london', 'wandb_group': 'full_runs', 'wandb_run_name': '', 'wandb_project_name': 'mvvae_scMNC', 'wandb_log_freq': 50, 'wandb_offline': False, 'wandb_local_instance': True, 'dir_logs': '/rds/general/user/eso18/home/mmvmvae/run_scMNC/logs', 'downstream_logging_frequency': 1, 'coherence_logging_frequency': 1, 'img_plotting_frequency': 1, 'fid_logging_frequency': 50, 'val_freq': 1, 'debug': False, 'likelihood_logging_frequency': 1}, 'dataset': {'name': 'scMNC', 'num_workers': 8, 'num_views': 2, 'dir_data': '/rds/general/user/eso18/home/mmvmvae/data/scMNC', 'num_labels': 6, 'dir_clf': '/rds/general/user/eso18/home/mmvmvae/trained_classifiers/scMNC', 'n_clfs_outputs': 6, 'label_names': ['A', 'B', 'C', 'D', 'E', 'F']}, 'model': {'device': 'cuda', 'batch_size': 32, 'batch_size_eval': 64, 'lr': 0.001, 'epochs': 150, 'temp_annealing': 'cosine', 'seed': 2, 'latent_dim': 32, 'hidden_dim': 512, 'early_stop': True, 'beta_annealing': False, 'init_beta_value': 0.0, 'final_beta_value': 1.0, 'schedule': 'cyclical', 'beta_annealing_steps': 250000, 'beta_M': 20, 'beta_R': 0.5, 'use_resnets': True, 'name': 'mixedprior', 'alpha_annealing': True, 'init_alpha_value': 1.0, 'final_alpha_value': 0.0, 'alpha_annealing_steps': 150000, 'alpha_scalar': 0, 'cov_scalar': 1, 'beta': '', 'aggregation': 'avg'}, 'eval': {'num_samples_train': 10000, 'max_iteration': 10000, 'eval_downstream_task': True, 'coherence': True, 'path_inception_weights': '/rds/general/user/eso18/home/mmvmvae/utils/pt_inception-2015-12-05-6726825d.pth'}}","val/loss/loss","/rds/general/user/eso18/home/mmvmvae/trained_classifiers/scMNC","","/rds/general/user/eso18/home/mmvmvae/data/scMNC","","[""A"",""B"",""C"",""D"",""E"",""F""]","","6","scMNC","6","2","8","true","true","10000","10000","/rds/general/user/eso18/home/mmvmvae/utils/pt_inception-2015-12-05-6726825d.pth","1","false","/rds/general/user/eso18/home/mmvmvae/run_scMNC/logs","1","50","1","1","1","eso18-imperial-college-london","full_runs","true","50","false","mvvae_scMNC","","true","150000","32","64","","20","0.5","false","250000","1","cuda","true","150","0","1","512","1","0","32","0.001","cyclical","2","cosine","true","0","0.999338150024414","1","26","0.8806818127632141","0.8792613744735718","0.25852271914482117","0.8238636255264282","0.2642045319080353","0.8821022510528564","0.7059659361839294","0.7073863744735718","2298.126953125","2298.427001953125","0.9545454382896424","0.9289772510528564","0.9545454382896424","0.9289772510528564","2301.083251953125","66.37284851074219","2432.549560546875","2366.1767578125","2432.549560546875","-1358.396240234375","-30.186973571777344","-1358.396240234375","-1007.780517578125","2456","0.8806818127632141","0.8792613744735718","0.25852271914482117","0.8238636255264282","0.2642045319080353","0.8821022510528564","0.7130681872367859","0.7130681872367859","2298.126953125","2298.427001953125","0.9730113744735718","0.9289772510528564","0.9545454382896424","0.9289772510528564","2301.083251953125","66.7222671508789","2367.805419921875","2301.0830078125","2367.805419921875","-1365.344970703125","-28.029022216796875","-1365.344970703125","-935.7382202148438","0.8863636255264282","0.8863636255264282","0.2698863744735718","0.8323863744735718","0.25852271914482117","0.8735795617103577","0.7017045617103577","0.7002840638160706","2300.111328125","2300.0283203125","0.9701704382896424","0.9303977489471436","0.9701704382896424","0.9303977489471436","2299.691162109375","2365.75830078125"
"devoted-armadillo-476","0","avg","mixedprior","finished","-","","","2026-03-31T18:52:59.000Z","275","","{'seed': 0, 'checkpoint_metric': 'val/loss/loss', 'log': {'wandb_entity': 'eso18-imperial-college-london', 'wandb_group': 'full_runs', 'wandb_run_name': '', 'wandb_project_name': 'mvvae_scMNC', 'wandb_log_freq': 50, 'wandb_offline': False, 'wandb_local_instance': True, 'dir_logs': '/rds/general/user/eso18/home/mmvmvae/run_scMNC/logs', 'downstream_logging_frequency': 1, 'coherence_logging_frequency': 1, 'img_plotting_frequency': 1, 'fid_logging_frequency': 50, 'val_freq': 1, 'debug': False, 'likelihood_logging_frequency': 1}, 'dataset': {'name': 'scMNC', 'num_workers': 8, 'num_views': 2, 'dir_data': '/rds/general/user/eso18/home/mmvmvae/data/scMNC', 'num_labels': 6, 'dir_clf': '/rds/general/user/eso18/home/mmvmvae/trained_classifiers/scMNC', 'n_clfs_outputs': 6, 'label_names': ['A', 'B', 'C', 'D', 'E', 'F']}, 'model': {'device': 'cuda', 'batch_size': 32, 'batch_size_eval': 64, 'lr': 0.001, 'epochs': 150, 'temp_annealing': 'cosine', 'seed': 1, 'latent_dim': 32, 'hidden_dim': 512, 'early_stop': True, 'beta_annealing': False, 'init_beta_value': 0.0, 'final_beta_value': 1.0, 'schedule': 'cyclical', 'beta_annealing_steps': 250000, 'beta_M': 20, 'beta_R': 0.5, 'use_resnets': True, 'name': 'mixedprior', 'alpha_annealing': True, 'init_alpha_value': 1.0, 'final_alpha_value': 0.0, 'alpha_annealing_steps': 150000, 'alpha_scalar': 0, 'cov_scalar': 1, 'beta': '', 'aggregation': 'avg'}, 'eval': {'num_samples_train': 10000, 'max_iteration': 10000, 'eval_downstream_task': True, 'coherence': True, 'path_inception_weights': '/rds/general/user/eso18/home/mmvmvae/utils/pt_inception-2015-12-05-6726825d.pth'}}","val/loss/loss","/rds/general/user/eso18/home/mmvmvae/trained_classifiers/scMNC","","/rds/general/user/eso18/home/mmvmvae/data/scMNC","","[""A"",""B"",""C"",""D"",""E"",""F""]","","6","scMNC","6","2","8","true","true","10000","10000","/rds/general/user/eso18/home/mmvmvae/utils/pt_inception-2015-12-05-6726825d.pth","1","false","/rds/general/user/eso18/home/mmvmvae/run_scMNC/logs","1","50","1","1","1","eso18-imperial-college-london","full_runs","true","50","false","mvvae_scMNC","","true","150000","32","64","","20","0.5","false","250000","1","cuda","true","150","0","1","512","1","0","32","0.001","cyclical","1","cosine","true","0","0.9986193180084229","1","38","0.8934659361839294","0.8934659361839294","0.20596590638160703","0.7869318127632141","0.2755681872367859","0.8735795617103577","0.7002840638160706","0.7002840638160706","2262.42822265625","2262.204345703125","0.9673295617103576","0.9247159361839294","0.9673295617103576","0.9247159361839294","2263.19384765625","67.97615814208984","2243.82373046875","2175.84765625","2243.82373046875","-1262.239501953125","-27.36614227294922","-1262.239501953125","-913.608154296875","3548","0.8934659361839294","0.8934659361839294","0.20596590638160703","0.7869318127632141","0.2755681872367859","0.8877840638160706","0.7215909361839294","0.7215909361839294","2262.42822265625","2260.933837890625","0.974431812763214","0.9247159361839294","0.9673295617103576","0.9247159361839294","2263.19384765625","65.81475067138672","2329.008544921875","2263.19384765625","2329.008544921875","-1369.48291015625","-26.7701416015625","-1369.48291015625","-893.7108764648438","0.8920454382896423","0.8920454382896423","0.1818181872367859","0.7897727489471436","0.28977271914482117","0.8792613744735718","0.6803977489471436","0.6775568127632141","2260.529296875","2260.933837890625","0.96875","0.9204545617103576","0.96875","0.9204545617103576","2261.854736328125","2328.00732421875"
"jolly-bird-475","0","moe","joint","finished","-","","","2026-03-31T18:45:38.000Z","254","","{'seed': 0, 'checkpoint_metric': 'val/loss/loss', 'log': {'wandb_entity': 'eso18-imperial-college-london', 'wandb_group': 'full_runs', 'wandb_run_name': '', 'wandb_project_name': 'mvvae_scMNC', 'wandb_log_freq': 50, 'wandb_offline': False, 'wandb_local_instance': True, 'dir_logs': '/rds/general/user/eso18/home/mmvmvae/run_scMNC/logs', 'downstream_logging_frequency': 1, 'coherence_logging_frequency': 1, 'img_plotting_frequency': 1, 'fid_logging_frequency': 50, 'val_freq': 1, 'debug': False, 'likelihood_logging_frequency': 1}, 'dataset': {'name': 'scMNC', 'num_workers': 8, 'num_views': 2, 'dir_data': '/rds/general/user/eso18/home/mmvmvae/data/scMNC', 'num_labels': 6, 'dir_clf': '/rds/general/user/eso18/home/mmvmvae/trained_classifiers/scMNC', 'n_clfs_outputs': 6, 'label_names': ['A', 'B', 'C', 'D', 'E', 'F']}, 'model': {'device': 'cuda', 'batch_size': 32, 'batch_size_eval': 64, 'lr': 0.001, 'epochs': 150, 'temp_annealing': 'cosine', 'seed': 5, 'latent_dim': 32, 'hidden_dim': 512, 'early_stop': True, 'beta_annealing': False, 'init_beta_value': 0.0, 'final_beta_value': 1.0, 'schedule': 'cyclical', 'beta_annealing_steps': 250000, 'beta_M': 20, 'beta_R': 0.5, 'use_resnets': True, 'name': 'joint', 'aggregation': 'moe', 'alpha_scalar': 0, 'cov_scalar': 1, 'beta': '', 'alpha_annealing': True}, 'eval': {'num_samples_train': 10000, 'max_iteration': 10000, 'eval_downstream_task': True, 'coherence': True, 'path_inception_weights': '/rds/general/user/eso18/home/mmvmvae/utils/pt_inception-2015-12-05-6726825d.pth'}}","val/loss/loss","/rds/general/user/eso18/home/mmvmvae/trained_classifiers/scMNC","","/rds/general/user/eso18/home/mmvmvae/data/scMNC","","[""A"",""B"",""C"",""D"",""E"",""F""]","","6","scMNC","6","2","8","true","true","10000","10000","/rds/general/user/eso18/home/mmvmvae/utils/pt_inception-2015-12-05-6726825d.pth","1","false","/rds/general/user/eso18/home/mmvmvae/run_scMNC/logs","1","50","1","1","1","eso18-imperial-college-london","full_runs","true","50","false","mvvae_scMNC","","true","","32","64","","20","0.5","false","250000","1","cuda","true","150","","1","512","","0","32","0.001","cyclical","5","cosine","true","0","","1","36","0.8977272510528564","0.8977272510528564","0.7457386255264282","0.7471590638160706","0.890625","0.8877840638160706","0.6818181872367859","0.6803977489471436","2377.4921875","2377.397705078125","0.931818187236786","0.931818187236786","0.9602272510528564","0.9190340638160706","2719.03515625","63.15912628173828","2568.95068359375","2505.791259765625","2568.95068359375","-1444.84130859375","-31.779611587524418","-1444.84130859375","-1060.9501953125","3366","0.8977272510528564","0.8977272510528564","0.7457386255264282","0.7471590638160706","0.890625","0.8934659361839294","0.7002840638160706","0.7002840638160706","2377.4921875","2369.90966796875","0.9403409361839294","0.931818187236786","0.9602272510528564","0.9190340638160706","2719.03515625","58.46833801269531","2777.503662109375","2719.035400390625","2777.503662109375","-1482.794677734375","-37.03023910522461","-1482.794677734375","-1236.2403564453125","0.8821022510528564","0.8821022510528564","0.7159090638160706","0.7073863744735718","0.8963068127632141","0.8778409361839294","0.6761363744735718","0.6732954382896423","2369.636474609375","2369.90966796875","0.9375","0.9375","0.958806812763214","0.9147727489471436","2707.9267578125","2769.698974609375"
"laced-frost-474","0","moe","joint","finished","-","","","2026-03-31T18:39:46.000Z","189","","{'seed': 0, 'checkpoint_metric': 'val/loss/loss', 'log': {'wandb_entity': 'eso18-imperial-college-london', 'wandb_group': 'full_runs', 'wandb_run_name': '', 'wandb_project_name': 'mvvae_scMNC', 'wandb_log_freq': 50, 'wandb_offline': False, 'wandb_local_instance': True, 'dir_logs': '/rds/general/user/eso18/home/mmvmvae/run_scMNC/logs', 'downstream_logging_frequency': 1, 'coherence_logging_frequency': 1, 'img_plotting_frequency': 1, 'fid_logging_frequency': 50, 'val_freq': 1, 'debug': False, 'likelihood_logging_frequency': 1}, 'dataset': {'name': 'scMNC', 'num_workers': 8, 'num_views': 2, 'dir_data': '/rds/general/user/eso18/home/mmvmvae/data/scMNC', 'num_labels': 6, 'dir_clf': '/rds/general/user/eso18/home/mmvmvae/trained_classifiers/scMNC', 'n_clfs_outputs': 6, 'label_names': ['A', 'B', 'C', 'D', 'E', 'F']}, 'model': {'device': 'cuda', 'batch_size': 32, 'batch_size_eval': 64, 'lr': 0.001, 'epochs': 150, 'temp_annealing': 'cosine', 'seed': 4, 'latent_dim': 32, 'hidden_dim': 512, 'early_stop': True, 'beta_annealing': False, 'init_beta_value': 0.0, 'final_beta_value': 1.0, 'schedule': 'cyclical', 'beta_annealing_steps': 250000, 'beta_M': 20, 'beta_R': 0.5, 'use_resnets': True, 'name': 'joint', 'aggregation': 'moe', 'alpha_scalar': 0, 'cov_scalar': 1, 'beta': '', 'alpha_annealing': True}, 'eval': {'num_samples_train': 10000, 'max_iteration': 10000, 'eval_downstream_task': True, 'coherence': True, 'path_inception_weights': '/rds/general/user/eso18/home/mmvmvae/utils/pt_inception-2015-12-05-6726825d.pth'}}","val/loss/loss","/rds/general/user/eso18/home/mmvmvae/trained_classifiers/scMNC","","/rds/general/user/eso18/home/mmvmvae/data/scMNC","","[""A"",""B"",""C"",""D"",""E"",""F""]","","6","scMNC","6","2","8","true","true","10000","10000","/rds/general/user/eso18/home/mmvmvae/utils/pt_inception-2015-12-05-6726825d.pth","1","false","/rds/general/user/eso18/home/mmvmvae/run_scMNC/logs","1","50","1","1","1","eso18-imperial-college-london","full_runs","true","50","false","mvvae_scMNC","","true","","32","64","","20","0.5","false","250000","1","cuda","true","150","","1","512","","0","32","0.001","cyclical","4","cosine","true","0","","1","25","0.875","0.875","0.7414772510528564","0.7443181872367859","0.8863636255264282","0.8451704382896423","0.6676136255264282","0.6676136255264282","2398.34033203125","2398.178466796875","0.9303977489471436","0.9303977489471436","0.9332386255264282","0.911931812763214","2754.71142578125","63.016624450683594","2584.27392578125","2521.25732421875","2584.27392578125","-1474.6363525390625","-31.350399017333984","-1474.6363525390625","-1046.62109375","2365","0.875","0.875","0.7414772510528564","0.7443181872367859","0.8863636255264282","0.875","0.7173295617103577","0.71875","2398.34033203125","2386.3857421875","0.9346590638160706","0.9303977489471436","0.9332386255264282","0.911931812763214","2754.71142578125","61.402076721191406","2816.113525390625","2754.711181640625","2816.113525390625","-1486.0003662109375","-38.00286483764648","-1486.0003662109375","-1268.7108154296875","0.8806818127632141","0.8806818127632141","0.7471590638160706","0.7215909361839294","0.8778409361839294","0.8650568127632141","0.6946022510528564","0.6931818127632141","2393.83056640625","2393.792724609375","0.9346590638160706","0.9346590638160706","0.9517045617103576","0.9034090638160706","2742.188232421875","2802.52880859375"
"swift-violet-473","0","moe","joint","finished","-","","","2026-03-31T18:33:17.000Z","198","","{'seed': 0, 'checkpoint_metric': 'val/loss/loss', 'log': {'wandb_entity': 'eso18-imperial-college-london', 'wandb_group': 'full_runs', 'wandb_run_name': '', 'wandb_project_name': 'mvvae_scMNC', 'wandb_log_freq': 50, 'wandb_offline': False, 'wandb_local_instance': True, 'dir_logs': '/rds/general/user/eso18/home/mmvmvae/run_scMNC/logs', 'downstream_logging_frequency': 1, 'coherence_logging_frequency': 1, 'img_plotting_frequency': 1, 'fid_logging_frequency': 50, 'val_freq': 1, 'debug': False, 'likelihood_logging_frequency': 1}, 'dataset': {'name': 'scMNC', 'num_workers': 8, 'num_views': 2, 'dir_data': '/rds/general/user/eso18/home/mmvmvae/data/scMNC', 'num_labels': 6, 'dir_clf': '/rds/general/user/eso18/home/mmvmvae/trained_classifiers/scMNC', 'n_clfs_outputs': 6, 'label_names': ['A', 'B', 'C', 'D', 'E', 'F']}, 'model': {'device': 'cuda', 'batch_size': 32, 'batch_size_eval': 64, 'lr': 0.001, 'epochs': 150, 'temp_annealing': 'cosine', 'seed': 3, 'latent_dim': 32, 'hidden_dim': 512, 'early_stop': True, 'beta_annealing': False, 'init_beta_value': 0.0, 'final_beta_value': 1.0, 'schedule': 'cyclical', 'beta_annealing_steps': 250000, 'beta_M': 20, 'beta_R': 0.5, 'use_resnets': True, 'name': 'joint', 'aggregation': 'moe', 'alpha_scalar': 0, 'cov_scalar': 1, 'beta': '', 'alpha_annealing': True}, 'eval': {'num_samples_train': 10000, 'max_iteration': 10000, 'eval_downstream_task': True, 'coherence': True, 'path_inception_weights': '/rds/general/user/eso18/home/mmvmvae/utils/pt_inception-2015-12-05-6726825d.pth'}}","val/loss/loss","/rds/general/user/eso18/home/mmvmvae/trained_classifiers/scMNC","","/rds/general/user/eso18/home/mmvmvae/data/scMNC","","[""A"",""B"",""C"",""D"",""E"",""F""]","","6","scMNC","6","2","8","true","true","10000","10000","/rds/general/user/eso18/home/mmvmvae/utils/pt_inception-2015-12-05-6726825d.pth","1","false","/rds/general/user/eso18/home/mmvmvae/run_scMNC/logs","1","50","1","1","1","eso18-imperial-college-london","full_runs","true","50","false","mvvae_scMNC","","true","","32","64","","20","0.5","false","250000","1","cuda","true","150","","1","512","","0","32","0.001","cyclical","3","cosine","true","0","","1","27","0.8948863744735718","0.8948863744735718","0.7556818127632141","0.7457386255264282","0.8920454382896423","0.8863636255264282","0.6633522510528564","0.6619318127632141","2390.020263671875","2389.992919921875","0.9360795617103576","0.9360795617103576","0.9644886255264282","0.9133522510528564","2737.79443359375","66.434326171875","2576.4306640625","2509.996337890625","2576.4306640625","-1492.7630615234375","-30.47011947631836","-1492.7630615234375","-1017.2332763671876","2547","0.8948863744735718","0.8948863744735718","0.7556818127632141","0.7457386255264282","0.8920454382896423","0.8934659361839294","0.7059659361839294","0.7073863744735718","2390.020263671875","2389.992919921875","0.9417613744735718","0.9360795617103576","0.9644886255264282","0.9133522510528564","2737.79443359375","62.87007141113281","2800.664794921875","2737.79443359375","2800.664794921875","-1499.002685546875","-37.10666275024414","-1499.002685546875","-1238.7918701171875","0.9005681872367859","0.9005681872367859","0.7457386255264282","0.7230113744735718","0.8991477489471436","0.8934659361839294","0.6832386255264282","0.6846590638160706","2401.27587890625","2400.712158203125","0.9375","0.9375","0.9545454382896424","0.911931812763214","2733.236328125","2794.345458984375"
"dainty-microwave-472","0","moe","joint","finished","-","","","2026-03-31T18:26:01.000Z","251","","{'seed': 0, 'checkpoint_metric': 'val/loss/loss', 'log': {'wandb_entity': 'eso18-imperial-college-london', 'wandb_group': 'full_runs', 'wandb_run_name': '', 'wandb_project_name': 'mvvae_scMNC', 'wandb_log_freq': 50, 'wandb_offline': False, 'wandb_local_instance': True, 'dir_logs': '/rds/general/user/eso18/home/mmvmvae/run_scMNC/logs', 'downstream_logging_frequency': 1, 'coherence_logging_frequency': 1, 'img_plotting_frequency': 1, 'fid_logging_frequency': 50, 'val_freq': 1, 'debug': False, 'likelihood_logging_frequency': 1}, 'dataset': {'name': 'scMNC', 'num_workers': 8, 'num_views': 2, 'dir_data': '/rds/general/user/eso18/home/mmvmvae/data/scMNC', 'num_labels': 6, 'dir_clf': '/rds/general/user/eso18/home/mmvmvae/trained_classifiers/scMNC', 'n_clfs_outputs': 6, 'label_names': ['A', 'B', 'C', 'D', 'E', 'F']}, 'model': {'device': 'cuda', 'batch_size': 32, 'batch_size_eval': 64, 'lr': 0.001, 'epochs': 150, 'temp_annealing': 'cosine', 'seed': 2, 'latent_dim': 32, 'hidden_dim': 512, 'early_stop': True, 'beta_annealing': False, 'init_beta_value': 0.0, 'final_beta_value': 1.0, 'schedule': 'cyclical', 'beta_annealing_steps': 250000, 'beta_M': 20, 'beta_R': 0.5, 'use_resnets': True, 'name': 'joint', 'aggregation': 'moe', 'alpha_scalar': 0, 'cov_scalar': 1, 'beta': '', 'alpha_annealing': True}, 'eval': {'num_samples_train': 10000, 'max_iteration': 10000, 'eval_downstream_task': True, 'coherence': True, 'path_inception_weights': '/rds/general/user/eso18/home/mmvmvae/utils/pt_inception-2015-12-05-6726825d.pth'}}","val/loss/loss","/rds/general/user/eso18/home/mmvmvae/trained_classifiers/scMNC","","/rds/general/user/eso18/home/mmvmvae/data/scMNC","","[""A"",""B"",""C"",""D"",""E"",""F""]","","6","scMNC","6","2","8","true","true","10000","10000","/rds/general/user/eso18/home/mmvmvae/utils/pt_inception-2015-12-05-6726825d.pth","1","false","/rds/general/user/eso18/home/mmvmvae/run_scMNC/logs","1","50","1","1","1","eso18-imperial-college-london","full_runs","true","50","false","mvvae_scMNC","","true","","32","64","","20","0.5","false","250000","1","cuda","true","150","","1","512","","0","32","0.001","cyclical","2","cosine","true","0","","1","36","0.890625","0.890625","0.7940340638160706","0.7982954382896423","0.9204545617103576","0.9048295617103576","0.7116477489471436","0.7116477489471436","2353.9765625","2354.67822265625","0.9403409361839294","0.9403409361839294","0.9517045617103576","0.9232954382896424","2716.89501953125","65.34941101074219","2547.09814453125","2481.74853515625","2547.09814453125","-1422.083984375","-31.741100311279297","-1422.083984375","-1059.6644287109375","3366","0.890625","0.890625","0.7940340638160706","0.7982954382896423","0.9204545617103576","0.9076704382896424","0.7173295617103577","0.7130681872367859","2353.9765625","2354.208251953125","0.9460227489471436","0.9403409361839294","0.9517045617103576","0.9232954382896424","2716.89501953125","56.97871017456055","2773.873291015625","2716.894775390625","2773.873291015625","-1479.2730712890625","-37.07161712646485","-1479.2730712890625","-1237.62158203125","0.8764204382896423","0.8764204382896423","0.7144886255264282","0.71875","0.9048295617103576","0.9005681872367859","0.6988636255264282","0.7002840638160706","2354.04052734375","2354.208251953125","0.9289772510528564","0.9289772510528564","0.9602272510528564","0.9133522510528564","2713.337890625","2771.7568359375"
"serene-smoke-471","0","moe","joint","finished","-","","","2026-03-31T18:19:41.000Z","201","","{'seed': 0, 'checkpoint_metric': 'val/loss/loss', 'log': {'wandb_entity': 'eso18-imperial-college-london', 'wandb_group': 'full_runs', 'wandb_run_name': '', 'wandb_project_name': 'mvvae_scMNC', 'wandb_log_freq': 50, 'wandb_offline': False, 'wandb_local_instance': True, 'dir_logs': '/rds/general/user/eso18/home/mmvmvae/run_scMNC/logs', 'downstream_logging_frequency': 1, 'coherence_logging_frequency': 1, 'img_plotting_frequency': 1, 'fid_logging_frequency': 50, 'val_freq': 1, 'debug': False, 'likelihood_logging_frequency': 1}, 'dataset': {'name': 'scMNC', 'num_workers': 8, 'num_views': 2, 'dir_data': '/rds/general/user/eso18/home/mmvmvae/data/scMNC', 'num_labels': 6, 'dir_clf': '/rds/general/user/eso18/home/mmvmvae/trained_classifiers/scMNC', 'n_clfs_outputs': 6, 'label_names': ['A', 'B', 'C', 'D', 'E', 'F']}, 'model': {'device': 'cuda', 'batch_size': 32, 'batch_size_eval': 64, 'lr': 0.001, 'epochs': 150, 'temp_annealing': 'cosine', 'seed': 1, 'latent_dim': 32, 'hidden_dim': 512, 'early_stop': True, 'beta_annealing': False, 'init_beta_value': 0.0, 'final_beta_value': 1.0, 'schedule': 'cyclical', 'beta_annealing_steps': 250000, 'beta_M': 20, 'beta_R': 0.5, 'use_resnets': True, 'name': 'joint', 'aggregation': 'moe', 'alpha_scalar': 0, 'cov_scalar': 1, 'beta': '', 'alpha_annealing': True}, 'eval': {'num_samples_train': 10000, 'max_iteration': 10000, 'eval_downstream_task': True, 'coherence': True, 'path_inception_weights': '/rds/general/user/eso18/home/mmvmvae/utils/pt_inception-2015-12-05-6726825d.pth'}}","val/loss/loss","/rds/general/user/eso18/home/mmvmvae/trained_classifiers/scMNC","","/rds/general/user/eso18/home/mmvmvae/data/scMNC","","[""A"",""B"",""C"",""D"",""E"",""F""]","","6","scMNC","6","2","8","true","true","10000","10000","/rds/general/user/eso18/home/mmvmvae/utils/pt_inception-2015-12-05-6726825d.pth","1","false","/rds/general/user/eso18/home/mmvmvae/run_scMNC/logs","1","50","1","1","1","eso18-imperial-college-london","full_runs","true","50","false","mvvae_scMNC","","true","","32","64","","20","0.5","false","250000","1","cuda","true","150","","1","512","","0","32","0.001","cyclical","1","cosine","true","0","","1","28","0.8892045617103577","0.8892045617103577","0.796875","0.78125","0.9034090638160706","0.9019886255264282","0.7315340638160706","0.7301136255264282","2366.262451171875","2365.949951171875","0.9360795617103576","0.9360795617103576","0.958806812763214","0.921875","2709.731201171875","66.1024398803711","2588.3193359375","2522.217041015625","2588.3193359375","-1361.6925048828125","-34.76224899291992","-1361.6925048828125","-1160.5244140625","2638","0.8892045617103577","0.8892045617103577","0.796875","0.78125","0.9034090638160706","0.90625","0.7386363744735718","0.7386363744735718","2366.262451171875","2365.949951171875","0.9517045617103576","0.9360795617103576","0.958806812763214","0.921875","2709.731201171875","62.525386810302734","2772.25634765625","2709.730712890625","2772.25634765625","-1485.517578125","-36.66998672485352","-1485.517578125","-1224.2135009765625","0.8835227489471436","0.8835227489471436","0.7230113744735718","0.6960227489471436","0.8934659361839294","0.90625","0.7286931872367859","0.7286931872367859","2380.178955078125","2380.887451171875","0.9446022510528564","0.9446022510528564","0.9559659361839294","0.9176136255264282","2707.028564453125","2768.345947265625"
"twilight-wildflower-470","0.99","avg","jointprior","finished","-","","","2026-03-31T14:36:28.000Z","266","","{'seed': 0, 'checkpoint_metric': 'val/loss/loss', 'log': {'wandb_entity': 'eso18-imperial-college-london', 'wandb_group': 'full_runs', 'wandb_run_name': '', 'wandb_project_name': 'mvvae_scMNC', 'wandb_log_freq': 50, 'wandb_offline': False, 'wandb_local_instance': True, 'dir_logs': '/rds/general/user/eso18/home/mmvmvae/run_scMNC/logs', 'downstream_logging_frequency': 1, 'coherence_logging_frequency': 1, 'img_plotting_frequency': 1, 'fid_logging_frequency': 50, 'val_freq': 1, 'debug': False, 'likelihood_logging_frequency': 1}, 'dataset': {'name': 'scMNC', 'num_workers': 8, 'num_views': 2, 'dir_data': '/rds/general/user/eso18/home/mmvmvae/data/scMNC', 'num_labels': 6, 'dir_clf': '/rds/general/user/eso18/home/mmvmvae/trained_classifiers/scMNC', 'n_clfs_outputs': 6, 'label_names': ['A', 'B', 'C', 'D', 'E', 'F']}, 'model': {'device': 'cuda', 'batch_size': 32, 'batch_size_eval': 64, 'lr': 0.001, 'epochs': 150, 'temp_annealing': 'cosine', 'seed': 4, 'latent_dim': 32, 'hidden_dim': 512, 'early_stop': True, 'beta_annealing': False, 'init_beta_value': 0.0, 'final_beta_value': 1.0, 'schedule': 'cyclical', 'beta_annealing_steps': 250000, 'beta_M': 20, 'beta_R': 0.5, 'use_resnets': True, 'name': 'jointprior', 'alpha_annealing': True, 'init_alpha_value': 1.0, 'final_alpha_value': 0.0, 'alpha_annealing_steps': 150000, 'cov_scalar': 0.0199, 'alpha_scalar': 0.99, 'beta': '', 'aggregation': 'avg'}, 'eval': {'num_samples_train': 10000, 'max_iteration': 10000, 'eval_downstream_task': True, 'coherence': True, 'path_inception_weights': '/rds/general/user/eso18/home/mmvmvae/utils/pt_inception-2015-12-05-6726825d.pth'}}","val/loss/loss","/rds/general/user/eso18/home/mmvmvae/trained_classifiers/scMNC","","/rds/general/user/eso18/home/mmvmvae/data/scMNC","","[""A"",""B"",""C"",""D"",""E"",""F""]","","6","scMNC","6","2","8","true","true","10000","10000","/rds/general/user/eso18/home/mmvmvae/utils/pt_inception-2015-12-05-6726825d.pth","1","false","/rds/general/user/eso18/home/mmvmvae/run_scMNC/logs","1","50","1","1","1","eso18-imperial-college-london","full_runs","true","50","false","mvvae_scMNC","","true","150000","32","64","","20","0.5","false","250000","0.0199","cuda","true","150","0","1","512","1","0","32","0.001","cyclical","4","cosine","true","0","","1","41","0.8948863744735718","0.8948863744735718","0.13210226595401764","0.734375","0.22727273404598236","0.890625","0.6704545617103577","0.671875","2267.198486328125","2267.7607421875","0.9545454382896424","0.9176136255264282","0.9545454382896424","0.9176136255264282","2265.01953125","272.9860534667969","2537.421142578125","2264.43505859375","","-1349.91748046875","-27.393386840820312","-1349.91748046875","-914.5177001953124","3821","0.8948863744735718","0.8948863744735718","0.13210226595401764","0.734375","0.22727273404598236","0.8991477489471436","0.7088068127632141","0.7102272510528564","2267.198486328125","2253.746337890625","0.9644886255264282","0.9176136255264282","0.9545454382896424","0.9176136255264282","2265.01953125","302.8705749511719","2567.890380859375","2265.019775390625","","-1375.4285888671875","-26.646728515625","-1375.4285888671875","-889.5908203125","0.8963068127632141","0.8963068127632141","0.16335226595401764","0.7230113744735718","0.19034090638160703","0.8991477489471436","0.6605113744735718","0.6619318127632141","2253.70361328125","2253.8662109375","0.9517045617103576","0.9190340638160706","0.9517045617103576","0.9190340638160706","2254.939208984375","2555.88623046875"
"efficient-darkness-469","0.97","avg","jointprior","finished","-","","","2026-03-31T14:34:05.000Z","217","","{'seed': 0, 'checkpoint_metric': 'val/loss/loss', 'log': {'wandb_entity': 'eso18-imperial-college-london', 'wandb_group': 'full_runs', 'wandb_run_name': '', 'wandb_project_name': 'mvvae_scMNC', 'wandb_log_freq': 50, 'wandb_offline': False, 'wandb_local_instance': True, 'dir_logs': '/rds/general/user/eso18/home/mmvmvae/run_scMNC/logs', 'downstream_logging_frequency': 1, 'coherence_logging_frequency': 1, 'img_plotting_frequency': 1, 'fid_logging_frequency': 50, 'val_freq': 1, 'debug': False, 'likelihood_logging_frequency': 1}, 'dataset': {'name': 'scMNC', 'num_workers': 8, 'num_views': 2, 'dir_data': '/rds/general/user/eso18/home/mmvmvae/data/scMNC', 'num_labels': 6, 'dir_clf': '/rds/general/user/eso18/home/mmvmvae/trained_classifiers/scMNC', 'n_clfs_outputs': 6, 'label_names': ['A', 'B', 'C', 'D', 'E', 'F']}, 'model': {'device': 'cuda', 'batch_size': 32, 'batch_size_eval': 64, 'lr': 0.001, 'epochs': 150, 'temp_annealing': 'cosine', 'seed': 4, 'latent_dim': 32, 'hidden_dim': 512, 'early_stop': True, 'beta_annealing': False, 'init_beta_value': 0.0, 'final_beta_value': 1.0, 'schedule': 'cyclical', 'beta_annealing_steps': 250000, 'beta_M': 20, 'beta_R': 0.5, 'use_resnets': True, 'name': 'jointprior', 'alpha_annealing': True, 'init_alpha_value': 1.0, 'final_alpha_value': 0.0, 'alpha_annealing_steps': 150000, 'cov_scalar': 0.0591, 'alpha_scalar': 0.97, 'beta': '', 'aggregation': 'avg'}, 'eval': {'num_samples_train': 10000, 'max_iteration': 10000, 'eval_downstream_task': True, 'coherence': True, 'path_inception_weights': '/rds/general/user/eso18/home/mmvmvae/utils/pt_inception-2015-12-05-6726825d.pth'}}","val/loss/loss","/rds/general/user/eso18/home/mmvmvae/trained_classifiers/scMNC","","/rds/general/user/eso18/home/mmvmvae/data/scMNC","","[""A"",""B"",""C"",""D"",""E"",""F""]","","6","scMNC","6","2","8","true","true","10000","10000","/rds/general/user/eso18/home/mmvmvae/utils/pt_inception-2015-12-05-6726825d.pth","1","false","/rds/general/user/eso18/home/mmvmvae/run_scMNC/logs","1","50","1","1","1","eso18-imperial-college-london","full_runs","true","50","false","mvvae_scMNC","","true","150000","32","64","","20","0.5","false","250000","0.0591","cuda","true","150","0","1","512","1","0","32","0.001","cyclical","4","cosine","true","0","","1","32","0.9034090638160706","0.9034090638160706","0.1875","0.7855113744735718","0.22017045319080353","0.890625","0.6789772510528564","0.6789772510528564","2285.507568359375","2285.908203125","0.9602272510528564","0.9176136255264282","0.9602272510528564","0.9176136255264282","2284.802734375","231.27777099609375","2618.8623046875","2387.58447265625","","-1387.077392578125","-29.969104766845703","-1387.077392578125","-1000.5071411132812","3002","0.9034090638160706","0.9034090638160706","0.1875","0.7855113744735718","0.22017045319080353","0.8934659361839294","0.71875","0.7173295617103577","2285.507568359375","2274.017578125","0.963068187236786","0.9176136255264282","0.9602272510528564","0.9176136255264282","2284.802734375","236.1299285888672","2520.9326171875","2284.802490234375","","-1374.247802734375","-27.274682998657227","-1374.247802734375","-910.5548706054688","0.8892045617103577","0.8892045617103577","0.1661931872367859","0.7585227489471436","0.234375","0.8764204382896423","0.6860795617103577","0.6860795617103577","2274.537841796875","2274.017578125","0.9545454382896424","0.9105113744735718","0.9545454382896424","0.9105113744735718","2275.40087890625","2511.584228515625"
"fresh-snowball-468","0.95","avg","jointprior","finished","-","","","2026-03-31T14:33:43.000Z","150","","{'seed': 0, 'checkpoint_metric': 'val/loss/loss', 'log': {'wandb_entity': 'eso18-imperial-college-london', 'wandb_group': 'full_runs', 'wandb_run_name': '', 'wandb_project_name': 'mvvae_scMNC', 'wandb_log_freq': 50, 'wandb_offline': False, 'wandb_local_instance': True, 'dir_logs': '/rds/general/user/eso18/home/mmvmvae/run_scMNC/logs', 'downstream_logging_frequency': 1, 'coherence_logging_frequency': 1, 'img_plotting_frequency': 1, 'fid_logging_frequency': 50, 'val_freq': 1, 'debug': False, 'likelihood_logging_frequency': 1}, 'dataset': {'name': 'scMNC', 'num_workers': 8, 'num_views': 2, 'dir_data': '/rds/general/user/eso18/home/mmvmvae/data/scMNC', 'num_labels': 6, 'dir_clf': '/rds/general/user/eso18/home/mmvmvae/trained_classifiers/scMNC', 'n_clfs_outputs': 6, 'label_names': ['A', 'B', 'C', 'D', 'E', 'F']}, 'model': {'device': 'cuda', 'batch_size': 32, 'batch_size_eval': 64, 'lr': 0.001, 'epochs': 150, 'temp_annealing': 'cosine', 'seed': 4, 'latent_dim': 32, 'hidden_dim': 512, 'early_stop': True, 'beta_annealing': False, 'init_beta_value': 0.0, 'final_beta_value': 1.0, 'schedule': 'cyclical', 'beta_annealing_steps': 250000, 'beta_M': 20, 'beta_R': 0.5, 'use_resnets': True, 'name': 'jointprior', 'alpha_annealing': True, 'init_alpha_value': 1.0, 'final_alpha_value': 0.0, 'alpha_annealing_steps': 150000, 'cov_scalar': 0.0975, 'alpha_scalar': 0.95, 'beta': '', 'aggregation': 'avg'}, 'eval': {'num_samples_train': 10000, 'max_iteration': 10000, 'eval_downstream_task': True, 'coherence': True, 'path_inception_weights': '/rds/general/user/eso18/home/mmvmvae/utils/pt_inception-2015-12-05-6726825d.pth'}}","val/loss/loss","/rds/general/user/eso18/home/mmvmvae/trained_classifiers/scMNC","","/rds/general/user/eso18/home/mmvmvae/data/scMNC","","[""A"",""B"",""C"",""D"",""E"",""F""]","","6","scMNC","6","2","8","true","true","10000","10000","/rds/general/user/eso18/home/mmvmvae/utils/pt_inception-2015-12-05-6726825d.pth","1","false","/rds/general/user/eso18/home/mmvmvae/run_scMNC/logs","1","50","1","1","1","eso18-imperial-college-london","full_runs","true","50","false","mvvae_scMNC","","true","150000","32","64","","20","0.5","false","250000","0.0975","cuda","true","150","0","1","512","1","0","32","0.001","cyclical","4","cosine","true","0","","1","18","0.8821022510528564","0.8821022510528564","0.25710228085517883","0.7457386255264282","0.2286931872367859","0.8735795617103577","0.6789772510528564","0.6803977489471436","2328.51953125","2328.4384765625","0.9502840638160706","0.8991477489471436","0.9502840638160706","0.8991477489471436","2328.82275390625","204.02281188964844","2697.236328125","2493.21337890625","","-1377.97998046875","-33.40561294555664","-1377.97998046875","-1115.233642578125","1728","0.8821022510528564","0.8821022510528564","0.25710228085517883","0.7457386255264282","0.2286931872367859","0.8778409361839294","0.7045454382896423","0.7045454382896423","2328.51953125","2328.4384765625","0.9602272510528564","0.8991477489471436","0.9502840638160706","0.8991477489471436","2328.82275390625","228.39959716796875","2557.222412109375","2328.82275390625","","-1390.519775390625","-28.105846405029297","-1390.519775390625","-938.302978515625","0.8835227489471436","0.8835227489471436","0.2670454680919647","0.7798295617103577","0.26846590638160706","0.8764204382896423","0.7017045617103577","0.703125","2335.650634765625","2335.701904296875","0.9559659361839294","0.9105113744735718","0.9559659361839294","0.9105113744735718","2336.832275390625","2544.883056640625"
"super-pond-466","0.93","avg","jointprior","finished","-","","","2026-03-31T14:25:33.000Z","246","","{'seed': 0, 'checkpoint_metric': 'val/loss/loss', 'log': {'wandb_entity': 'eso18-imperial-college-london', 'wandb_group': 'full_runs', 'wandb_run_name': '', 'wandb_project_name': 'mvvae_scMNC', 'wandb_log_freq': 50, 'wandb_offline': False, 'wandb_local_instance': True, 'dir_logs': '/rds/general/user/eso18/home/mmvmvae/run_scMNC/logs', 'downstream_logging_frequency': 1, 'coherence_logging_frequency': 1, 'img_plotting_frequency': 1, 'fid_logging_frequency': 50, 'val_freq': 1, 'debug': False, 'likelihood_logging_frequency': 1}, 'dataset': {'name': 'scMNC', 'num_workers': 8, 'num_views': 2, 'dir_data': '/rds/general/user/eso18/home/mmvmvae/data/scMNC', 'num_labels': 6, 'dir_clf': '/rds/general/user/eso18/home/mmvmvae/trained_classifiers/scMNC', 'n_clfs_outputs': 6, 'label_names': ['A', 'B', 'C', 'D', 'E', 'F']}, 'model': {'device': 'cuda', 'batch_size': 32, 'batch_size_eval': 64, 'lr': 0.001, 'epochs': 150, 'temp_annealing': 'cosine', 'seed': 4, 'latent_dim': 32, 'hidden_dim': 512, 'early_stop': True, 'beta_annealing': False, 'init_beta_value': 0.0, 'final_beta_value': 1.0, 'schedule': 'cyclical', 'beta_annealing_steps': 250000, 'beta_M': 20, 'beta_R': 0.5, 'use_resnets': True, 'name': 'jointprior', 'alpha_annealing': True, 'init_alpha_value': 1.0, 'final_alpha_value': 0.0, 'alpha_annealing_steps': 150000, 'cov_scalar': 0.1351, 'alpha_scalar': 0.93, 'beta': '', 'aggregation': 'avg'}, 'eval': {'num_samples_train': 10000, 'max_iteration': 10000, 'eval_downstream_task': True, 'coherence': True, 'path_inception_weights': '/rds/general/user/eso18/home/mmvmvae/utils/pt_inception-2015-12-05-6726825d.pth'}}","val/loss/loss","/rds/general/user/eso18/home/mmvmvae/trained_classifiers/scMNC","","/rds/general/user/eso18/home/mmvmvae/data/scMNC","","[""A"",""B"",""C"",""D"",""E"",""F""]","","6","scMNC","6","2","8","true","true","10000","10000","/rds/general/user/eso18/home/mmvmvae/utils/pt_inception-2015-12-05-6726825d.pth","1","false","/rds/general/user/eso18/home/mmvmvae/run_scMNC/logs","1","50","1","1","1","eso18-imperial-college-london","full_runs","true","50","false","mvvae_scMNC","","true","150000","32","64","","20","0.5","false","250000","0.1351","cuda","true","150","0","1","512","1","0","32","0.001","cyclical","4","cosine","true","0","","1","34","0.8806818127632141","0.8806818127632141","0.31960228085517883","0.7443181872367859","0.27414771914482117","0.8636363744735718","0.6747159361839294","0.6747159361839294","2274.345703125","2274.359375","0.9559659361839294","0.9048295617103576","0.9559659361839294","0.9048295617103576","2275.102783203125","192.1515960693359","2437.268310546875","2245.11669921875","","-1300.8375244140625","-28.284854888916016","-1300.8375244140625","-944.279052734375","3184","0.8806818127632141","0.8806818127632141","0.31960228085517883","0.7443181872367859","0.27414771914482117","0.8835227489471436","0.7102272510528564","0.7102272510528564","2274.345703125","2274.359375","0.963068187236786","0.9048295617103576","0.9559659361839294","0.9048295617103576","2275.102783203125","198.2510681152344","2473.353515625","2275.102783203125","","-1371.3125","-27.07205390930176","-1371.3125","-903.7902221679688","0.8806818127632141","0.8806818127632141","0.25852271914482117","0.7769886255264282","0.2670454680919647","0.8693181872367859","0.6803977489471436","0.6789772510528564","2276.474609375","2276.187255859375","0.9616477489471436","0.9090909361839294","0.9616477489471436","0.9090909361839294","2274.49072265625","2469.401123046875"
"stellar-plant-467","0.9","avg","jointprior","finished","-","","","2026-03-31T14:25:33.000Z","250","","{'seed': 0, 'checkpoint_metric': 'val/loss/loss', 'log': {'wandb_entity': 'eso18-imperial-college-london', 'wandb_group': 'full_runs', 'wandb_run_name': '', 'wandb_project_name': 'mvvae_scMNC', 'wandb_log_freq': 50, 'wandb_offline': False, 'wandb_local_instance': True, 'dir_logs': '/rds/general/user/eso18/home/mmvmvae/run_scMNC/logs', 'downstream_logging_frequency': 1, 'coherence_logging_frequency': 1, 'img_plotting_frequency': 1, 'fid_logging_frequency': 50, 'val_freq': 1, 'debug': False, 'likelihood_logging_frequency': 1}, 'dataset': {'name': 'scMNC', 'num_workers': 8, 'num_views': 2, 'dir_data': '/rds/general/user/eso18/home/mmvmvae/data/scMNC', 'num_labels': 6, 'dir_clf': '/rds/general/user/eso18/home/mmvmvae/trained_classifiers/scMNC', 'n_clfs_outputs': 6, 'label_names': ['A', 'B', 'C', 'D', 'E', 'F']}, 'model': {'device': 'cuda', 'batch_size': 32, 'batch_size_eval': 64, 'lr': 0.001, 'epochs': 150, 'temp_annealing': 'cosine', 'seed': 4, 'latent_dim': 32, 'hidden_dim': 512, 'early_stop': True, 'beta_annealing': False, 'init_beta_value': 0.0, 'final_beta_value': 1.0, 'schedule': 'cyclical', 'beta_annealing_steps': 250000, 'beta_M': 20, 'beta_R': 0.5, 'use_resnets': True, 'name': 'jointprior', 'alpha_annealing': True, 'init_alpha_value': 1.0, 'final_alpha_value': 0.0, 'alpha_annealing_steps': 150000, 'cov_scalar': 0.19, 'alpha_scalar': 0.9, 'beta': '', 'aggregation': 'avg'}, 'eval': {'num_samples_train': 10000, 'max_iteration': 10000, 'eval_downstream_task': True, 'coherence': True, 'path_inception_weights': '/rds/general/user/eso18/home/mmvmvae/utils/pt_inception-2015-12-05-6726825d.pth'}}","val/loss/loss","/rds/general/user/eso18/home/mmvmvae/trained_classifiers/scMNC","","/rds/general/user/eso18/home/mmvmvae/data/scMNC","","[""A"",""B"",""C"",""D"",""E"",""F""]","","6","scMNC","6","2","8","true","true","10000","10000","/rds/general/user/eso18/home/mmvmvae/utils/pt_inception-2015-12-05-6726825d.pth","1","false","/rds/general/user/eso18/home/mmvmvae/run_scMNC/logs","1","50","1","1","1","eso18-imperial-college-london","full_runs","true","50","false","mvvae_scMNC","","true","150000","32","64","","20","0.5","false","250000","0.19","cuda","true","150","0","1","512","1","0","32","0.001","cyclical","4","cosine","true","0","","1","34","0.8977272510528564","0.8977272510528564","0.375","0.7556818127632141","0.34659090638160706","0.8565340638160706","0.6747159361839294","0.6747159361839294","2272.450439453125","2272.25048828125","0.953125","0.9105113744735718","0.953125","0.9105113744735718","2272.58154296875","180.1241455078125","2463.994384765625","2283.8701171875","","-1347.0599365234375","-28.061140060424805","-1347.0599365234375","-936.8104248046876","3184","0.8977272510528564","0.8977272510528564","0.375","0.7556818127632141","0.34659090638160706","0.8735795617103577","0.7017045617103577","0.7045454382896423","2272.450439453125","2271.65380859375","0.9644886255264282","0.9105113744735718","0.953125","0.9105113744735718","2272.58154296875","183.74171447753903","2456.323486328125","2272.581298828125","","-1372.8082275390625","-26.951738357543945","-1372.8082275390625","-899.7734375","0.8835227489471436","0.8835227489471436","0.35227271914482117","0.7784090638160706","0.3536931872367859","0.8707386255264282","0.6846590638160706","0.6846590638160706","2271.49462890625","2271.65380859375","0.9616477489471436","0.9019886255264282","0.9616477489471436","0.9019886255264282","2271.114501953125","2451.0546875"